SET FOREIGN_KEY_CHECKS=0;
SET SQL_MODE="NO_AUTO_VALUE_ON_ZERO";
REPLACE INTO script_characters VALUES ('13', 'Engine', '*', '*default');
REPLACE INTO script_characters VALUES ('14', 'Detective', 'A', 'Adefault');
REPLACE INTO script_characters VALUES ('15', 'Leila', 'L', 'Ldefault');
REPLACE INTO script_characters VALUES ('16', 'Acethinking', 'N', 'Athinking');
REPLACE INTO script_characters VALUES ('17', 'Captain', 'C', 'Pdefault');
REPLACE INTO script_characters VALUES ('18', 'Tulipov', 'T', 'Tdefault');
REPLACE INTO script_characters VALUES ('19', 'Semyon', 'S', 'Sdefault');
REPLACE INTO script_characters VALUES ('20', 'Game Engine', 'G', 'Athinking');
REPLACE INTO script_characters VALUES ('21', 'AED', 'D', 'aedicon');

REPLACE INTO script_lines VALUES ('9001', '9002', NULL, '9', '21', 'About.', 'lower', NULL, NULL, NULL, NULL, 'dark');
REPLACE INTO script_lines VALUES ('9002', '9003', NULL, '8', '21', 'Thank you for playing Mystery Story, Episode 1.', 'lower', NULL, NULL, NULL, NULL, 'dark');
REPLACE INTO script_lines VALUES ('9003', '9004', NULL, '8', '21', 'We are Team 7 Productions; a motley crew of students from CS3216.', 'lower', NULL, NULL, NULL, NULL, 'dark');
REPLACE INTO script_lines VALUES ('9004', '9005', NULL, '8', '21', 'CS3216 is a module known for producing cool projects.', 'lower', NULL, NULL, NULL, NULL, 'dark');
REPLACE INTO script_lines VALUES ('9005', '9006', NULL, '8', '21', 'And this is no exception.', 'lower', NULL, NULL, NULL, NULL, 'dark');
REPLACE INTO script_lines VALUES ('9006', '9007', NULL, '8', '21', 'It\'s an interactive novel, a story-telling game at its heart.', 'lower', NULL, NULL, NULL, NULL, 'dark');
REPLACE INTO script_lines VALUES ('9007', '9008', NULL, '8', '21', 'But it\'s also an engine that, while simple, allows for much cool stuff.', 'lower', NULL, NULL, NULL, NULL, 'dark');
REPLACE INTO script_lines VALUES ('9008', NULL, '66901', '8', '21', 'Like so. Isn\'t our app cool?', 'lower', NULL, NULL, NULL, NULL, 'dark');
REPLACE INTO script_lines VALUES ('9009', '9010', NULL, '8', '21', 'Thank you for the compliment.', 'lower', NULL, NULL, NULL, NULL, 'dark');
REPLACE INTO script_lines VALUES ('9010', '9011', NULL, '8', '21', 'Team 7 Productions consists of four stalwart, hardy young men&#8230;', 'lower', NULL, NULL, NULL, NULL, 'dark');
REPLACE INTO script_lines VALUES ('9011', '9012', NULL, '8', '21', '&#8230;who slaved through much toil and sweat to bring you this wonderful, polished product.', 'lower', NULL, NULL, NULL, NULL, 'dark');
REPLACE INTO script_lines VALUES ('9012', '9013', NULL, '8', '21', 'They include:', 'lower', NULL, NULL, NULL, NULL, 'dark');
REPLACE INTO script_lines VALUES ('9013', '9014', NULL, '8', '21', 'They include:', 'lower', NULL, NULL, NULL, NULL, 'dark');
REPLACE INTO script_lines VALUES ('9014', '9015', NULL, '8', '21', 'Leontius A. P. A leader of men, and a writer of code.', 'lower', NULL, NULL, NULL, NULL, 'dark');
REPLACE INTO script_lines VALUES ('9015', '9016', NULL, '8', '21', 'He gathers and directs his soldiers under his green banner of Trello.', 'lower', NULL, NULL, NULL, NULL, 'dark');
REPLACE INTO script_lines VALUES ('9016', '9017', NULL, '8', '21', 'Vaarnan D., entrepreneur extraordinaire.', 'lower', NULL, NULL, NULL, NULL, 'dark');
REPLACE INTO script_lines VALUES ('9017', '9018', NULL, '8', '21', 'Also an excellent writer of code, and a fantastic diplomat.', 'lower', NULL, NULL, NULL, NULL, 'dark');
REPLACE INTO script_lines VALUES ('9018', '9019', NULL, '8', '21', 'Darren F., the scribe.', 'lower', NULL, NULL, NULL, NULL, 'dark');
REPLACE INTO script_lines VALUES ('9019', '9020', NULL, '8', '21', 'Writer of writings, and incendiary firestarter who pitched the first stone.', 'lower', NULL, NULL, NULL, NULL, 'dark');
REPLACE INTO script_lines VALUES ('9020', '9021', NULL, '8', '21', 'And our asset producer, Haoyuan J.', 'lower', NULL, NULL, NULL, NULL, 'dark');
REPLACE INTO script_lines VALUES ('9021', '9022', NULL, '8', '21', 'Primary artist; designer, and game meta enthusiasts.', 'lower', NULL, NULL, NULL, NULL, 'dark');
REPLACE INTO script_lines VALUES ('9022', '9023', NULL, '8', '21', 'Not forgetting the doctor who started this with an idea.', 'lower', NULL, NULL, NULL, NULL, 'dark');
REPLACE INTO script_lines VALUES ('9023', '9024', NULL, '8', '21', 'Dr. Dana Elliott, of the AED Corps', 'lower', NULL, NULL, NULL, NULL, 'dark');
REPLACE INTO script_lines VALUES ('9024', '9025', NULL, '8', '21', 'And props to the two men who rescued the app from failure and oblivion.', 'lower', NULL, NULL, NULL, NULL, 'dark');
REPLACE INTO script_lines VALUES ('9025', '9026', NULL, '8', '21', 'Professor \"The Evil\" Ben Leong', 'lower', NULL, NULL, NULL, NULL, 'dark');
REPLACE INTO script_lines VALUES ('9026', '9027', NULL, '8', '21', 'And The Man Who Saved 3216, Mr Goh Kok Wee.', 'lower', NULL, NULL, NULL, NULL, 'dark');
REPLACE INTO script_lines VALUES ('9027', '9028', NULL, '8', '21', 'This game was written in Json and Sencha.', 'lower', NULL, NULL, NULL, NULL, 'dark');
REPLACE INTO script_lines VALUES ('9028', '9029', NULL, '8', '21', 'Content produced in the dregs of coffee-cups and feverish delusions (but written in Excel).', 'lower', NULL, NULL, NULL, NULL, 'dark');
REPLACE INTO script_lines VALUES ('9029', '9030', NULL, '8', '21', 'And art painted with the touch of imaginative genius&#8230;', 'lower', NULL, NULL, NULL, NULL, 'dark');
REPLACE INTO script_lines VALUES ('9030', '9031', NULL, '8', '21', '&#8230;and Adobe CS 5.', 'lower', NULL, NULL, NULL, NULL, 'dark');
REPLACE INTO script_lines VALUES ('9031', '9032', NULL, '8', '21', 'Copyright 2011-', 'lower', NULL, NULL, NULL, NULL, 'dark');
REPLACE INTO script_lines VALUES ('9032', '9033', NULL, '8', '21', 'End of About.', 'lower', NULL, NULL, NULL, NULL, 'dark');
REPLACE INTO script_lines VALUES ('9033', '6001', NULL, '8', '21', 'We now return you to the chapter select screen.', 'lower', NULL, NULL, NULL, NULL, 'dark');

REPLACE INTO script_lines VALUES ('8000', '8001', NULL, '8', '19', 'Hello, I\'m Semyon Lavisham, and I\'ll be your assistant for today.', NULL, NULL, NULL, NULL, NULL, NULL);
REPLACE INTO script_lines VALUES ('8001', '8002', NULL, '8', '19', 'Welcome to the AED Simulation Minigame.', 'lower', NULL, NULL, NULL, NULL, 'dock');
REPLACE INTO script_lines VALUES ('8002', '8003', NULL, '8', '19', 'This section will involve simulation of several scenarios where an AED may be applied.', 'lower', NULL, NULL, NULL, NULL, 'dock');
REPLACE INTO script_lines VALUES ('8003', '8004', NULL, '8', '19', 'You will be prompted both by on-screen directions&#8230;', 'upper', NULL, NULL, NULL, NULL, 'dock');
REPLACE INTO script_lines VALUES ('8004', '8005', NULL, '8', '19', '&#8230;as well as audio recordings from an actual AED machine, on the appropriate course of action to take.', 'upper', NULL, NULL, NULL, NULL, 'dock');
REPLACE INTO script_lines VALUES ('8005', '8006', NULL, '8', '19', 'The wrong choice of action will be accompanied by a buzzer&#8230;', 'upper', NULL, NULL, NULL, NULL, 'dock');
REPLACE INTO script_lines VALUES ('8006', '8007', NULL, '8', '19', '&#8230;and you will be returned to the previous choice.', 'upper', NULL, NULL, NULL, NULL, 'deck');
REPLACE INTO script_lines VALUES ('8007', '8008', NULL, '8', '19', 'Now, you may select your options;', 'upper', NULL, NULL, NULL, NULL, 'deck');
REPLACE INTO script_lines VALUES ('8008', '8009', NULL, '8', '19', 'Training will lead you to a simple tutorial level, where the basic functions of an AED will be demonstrated.', 'upper', NULL, NULL, NULL, NULL, 'corridor');
REPLACE INTO script_lines VALUES ('8009', '8010', NULL, '8', '19', 'In Scenarios, we run through several possible scenarios where functionality may be different.', 'upper', NULL, NULL, NULL, NULL, 'corridor');
REPLACE INTO script_lines VALUES ('8010', '8011', NULL, '8', '19', 'And finally, in Test Yourself, you will be faced with a random scenario and need to give the correct response.', 'upper', NULL, NULL, NULL, NULL, 'corridor');
REPLACE INTO script_lines VALUES ('8011', NULL, '66800', '8', '19', 'Make your choice, now,', 'upper', NULL, NULL, NULL, NULL, 'corridor');
REPLACE INTO script_lines VALUES ('8012', '8013', NULL, '8', '21', 'Training.', 'upper', NULL, NULL, NULL, NULL, 'corridor');
REPLACE INTO script_lines VALUES ('8013', '8014', NULL, '8', '21', 'Welcome to Training mode.', 'upper', NULL, NULL, NULL, NULL, 'corridor');
REPLACE INTO script_lines VALUES ('8014', '8015', NULL, '8', '21', 'Here, you will learn more about the AED.', 'upper', NULL, NULL, NULL, NULL, 'corridor');
REPLACE INTO script_lines VALUES ('8015', '8016', NULL, '8', '21', 'The first thing to note is that there is no harm in attempting the use of an AED.', 'upper', NULL, NULL, NULL, NULL, 'corridor');
REPLACE INTO script_lines VALUES ('8016', '8017', NULL, '8', '21', 'The AED will analyse the patient\'s heartbeat, and determine if a shock is appropriate or necessary.', 'upper', NULL, NULL, NULL, NULL, 'corridor');
REPLACE INTO script_lines VALUES ('8017', '8018', NULL, '8', '21', 'You can never kill a person with an AED, so, in most cases,', 'upper', NULL, NULL, NULL, NULL, 'corridor');
REPLACE INTO script_lines VALUES ('8018', '8019', NULL, '8', '21', '&#8230;it\'s better, if in doubt, to apply the AED.', 'upper', NULL, NULL, NULL, NULL, 'corridor');
REPLACE INTO script_lines VALUES ('8019', '8020', NULL, '8', '21', 'An AED is a defibrillator, which basically applies an electrical shock to the heart.', 'upper', NULL, NULL, NULL, NULL, 'corridor');
REPLACE INTO script_lines VALUES ('8020', '8021', NULL, '8', '21', 'The shock will only be delivered in cases where a shock to the heart will be appropriate.', 'upper', NULL, NULL, NULL, NULL, 'corridor');
REPLACE INTO script_lines VALUES ('8021', NULL, '66801', '8', '21', 'When will the shock be delivered?', 'upper', NULL, NULL, NULL, NULL, 'corridor');
REPLACE INTO script_lines VALUES ('8022', '8023', NULL, '8', '21', 'Nonsense Choice', 'upper', NULL, NULL, NULL, NULL, 'corridor');
REPLACE INTO script_lines VALUES ('8023', '8024', NULL, '8', '21', 'No; a shock to the heart will not be useful in that situation', 'upper', NULL, NULL, NULL, NULL, 'corridor');
REPLACE INTO script_lines VALUES ('8024', '8021', NULL, '8', '21', 'Try again!', 'upper', NULL, NULL, NULL, NULL, 'corridor');
REPLACE INTO script_lines VALUES ('8025', '8026', NULL, '8', '21', 'when somebody is experiencing in a cardiac arrest', 'upper', NULL, NULL, NULL, NULL, 'corridor');
REPLACE INTO script_lines VALUES ('8026', '8027', NULL, '8', '21', 'Correct!', 'upper', NULL, NULL, NULL, NULL, 'corridor');
REPLACE INTO script_lines VALUES ('8027', '8028', NULL, '8', '21', 'The shock delivered is intended to steady an irregular heartbeat&#8230;', 'upper', NULL, NULL, NULL, NULL, 'corridor');
REPLACE INTO script_lines VALUES ('8028', '8029', NULL, '8', '21', '&#8230;as in cases such as arrhyhmia or cardiac arrest.', 'upper', NULL, NULL, NULL, NULL, 'corridor');
REPLACE INTO script_lines VALUES ('8029', '8030', NULL, '8', '21', 'A stroke is a lack of blood to the head, and cannot be solved by a shock.', 'upper', NULL, NULL, NULL, NULL, 'corridor');
REPLACE INTO script_lines VALUES ('8030', '8031', NULL, '8', '21', 'And if the heart is stopped, it is too late to deliver the shock.', 'upper', NULL, NULL, NULL, NULL, 'corridor');
REPLACE INTO script_lines VALUES ('8031', '8032', NULL, '8', '21', 'Very good!', 'upper', NULL, NULL, NULL, NULL, 'corridor');
REPLACE INTO script_lines VALUES ('8032', '8033', NULL, '8', '21', 'So now, when we have a bystander suffering an impending cardiac arrest.', 'upper', NULL, NULL, NULL, NULL, 'corridor');
REPLACE INTO script_lines VALUES ('8033', NULL, '66802', '8', '21', 'Here is an AED. What shall we do?', 'upper', NULL, NULL, NULL, NULL, 'corridor');
REPLACE INTO script_lines VALUES ('8034', '8035', NULL, '8', '21', 'Perform CPR', 'upper', NULL, NULL, NULL, NULL, 'corridor');
REPLACE INTO script_lines VALUES ('8035', '8036', NULL, '8', '21', 'In most cases, this course of action would be correct.', 'upper', NULL, NULL, NULL, NULL, 'corridor');
REPLACE INTO script_lines VALUES ('8036', '8037', NULL, '8', '21', 'But since we have an AED, we should apply it immediately.', 'upper', NULL, NULL, NULL, NULL, 'corridor');
REPLACE INTO script_lines VALUES ('8037', '8038', NULL, '8', '21', 'apply the AED', 'upper', NULL, NULL, NULL, NULL, 'corridor');
REPLACE INTO script_lines VALUES ('8038', '8039', NULL, '8', '21', 'Correct! We would normally apply CPR, but since we have an AED we should apply it to analyse the heart rhythm immediately.', 'upper', NULL, NULL, NULL, NULL, 'corridor');
REPLACE INTO script_lines VALUES ('8039', '8040', NULL, '8', '21', 'We apply the pads and allow the AED to analyze the heart rhythm of the patient.', 'upper', NULL, NULL, NULL, NULL, 'corridor');
REPLACE INTO script_lines VALUES ('8040', '8041', NULL, '8', '21', 'There are two pads for the AED, one for each side of the body.', 'upper', NULL, NULL, NULL, NULL, 'corridor');
REPLACE INTO script_lines VALUES ('8041', NULL, '66803', '8', '21', 'Where does the Left Pad go?', 'upper', NULL, NULL, NULL, NULL, 'corridor');
REPLACE INTO script_lines VALUES ('8042', '8043', NULL, '8', '21', 'Nonsense', 'upper', NULL, NULL, NULL, NULL, 'corridor');
REPLACE INTO script_lines VALUES ('8043', '8044', NULL, '8', '21', 'Alas, that is incorrect.', 'upper', NULL, NULL, NULL, NULL, 'corridor');
REPLACE INTO script_lines VALUES ('8044', '8045', NULL, '8', '21', 'Take a look at the picture, and try again.', 'upper', NULL, NULL, NULL, NULL, 'corridor');
REPLACE INTO script_lines VALUES ('8045', '8046', NULL, '8', '21', 'Under the armpit.', 'upper', NULL, NULL, NULL, NULL, 'corridor');
REPLACE INTO script_lines VALUES ('8046', '8047', NULL, '8', '21', 'Correct!', 'upper', NULL, NULL, NULL, NULL, 'corridor');
REPLACE INTO script_lines VALUES ('8047', '8048', NULL, '8', '21', 'The left pad is placed under the left armpit.', 'upper', NULL, NULL, NULL, NULL, 'corridor');
REPLACE INTO script_lines VALUES ('8048', '8049', NULL, '8', '21', 'And the right pad?', 'upper', NULL, NULL, NULL, NULL, 'corridor');
REPLACE INTO script_lines VALUES ('8049', '8050', NULL, '8', '21', 'Nonsense', 'upper', NULL, NULL, NULL, NULL, 'corridor');
REPLACE INTO script_lines VALUES ('8050', '8051', NULL, '8', '21', 'Alas, that is incorrect.', 'upper', NULL, NULL, NULL, NULL, 'corridor');
REPLACE INTO script_lines VALUES ('8051', '8052', NULL, '8', '21', 'Take a look at the picture, and try again.', 'upper', NULL, NULL, NULL, NULL, 'corridor');
REPLACE INTO script_lines VALUES ('8052', '8053', NULL, '8', '21', 'On the collarbone.', 'upper', NULL, 'Yes.', NULL, NULL, 'corridor');
REPLACE INTO script_lines VALUES ('8053', '8054', NULL, '8', '21', 'Correct!', 'upper', NULL, NULL, NULL, NULL, 'corridor');
REPLACE INTO script_lines VALUES ('8054', '8055', NULL, '8', '21', 'The right pad is placed on the chest, in the region of the right collarbone.', 'upper', NULL, NULL, NULL, NULL, 'corridor');
REPLACE INTO script_lines VALUES ('8055', '8056', NULL, '8', '21', 'We must remove the clothes before applying the pads, as the electric shock may burn the clothes.', 'upper', NULL, NULL, NULL, NULL, 'corridor');
REPLACE INTO script_lines VALUES ('8056', '8057', NULL, '8', '21', 'More importantly, the charge may not be delivered properly to the patient.', 'upper', NULL, NULL, NULL, NULL, 'corridor');
REPLACE INTO script_lines VALUES ('8057', '8058', NULL, '8', '21', 'Once we attached the pads, we press the button.', 'upper', NULL, NULL, NULL, NULL, 'corridor');
REPLACE INTO script_lines VALUES ('8058', '8059', NULL, '8', '21', 'At this point, the AED will deliver a message.', 'upper', NULL, NULL, NULL, NULL, 'corridor');
REPLACE INTO script_lines VALUES ('8059', '8060', NULL, '8', '21', '<font face=\"Courier New\">Analysing Heart Rhythm.</font>', 'upper', NULL, NULL, NULL, NULL, 'corridor');
REPLACE INTO script_lines VALUES ('8060', '8061', NULL, '8', '21', '<font face=\"Courier New\">Do not touch patient.</font>', 'upper', NULL, NULL, NULL, NULL, 'corridor');
REPLACE INTO script_lines VALUES ('8061', '8062', NULL, '8', '21', 'What should we do now?', 'upper', NULL, NULL, NULL, NULL, 'corridor');
REPLACE INTO script_lines VALUES ('8062', '8063', NULL, '8', '21', 'Perform CPR', 'upper', NULL, NULL, NULL, NULL, 'corridor');
REPLACE INTO script_lines VALUES ('8063', '8064', NULL, '8', '21', 'Well&#8230;', 'upper', NULL, NULL, NULL, NULL, 'corridor');
REPLACE INTO script_lines VALUES ('8064', '8065', NULL, '8', '21', '<font face=\"Courier New\">Analysing interrupted.</font>', 'upper', NULL, NULL, NULL, NULL, 'corridor');
REPLACE INTO script_lines VALUES ('8065', '8066', NULL, '8', '21', '<font face=\"Courier New\">Stop Motion. Do not touch Patient.</font>', 'upper', NULL, NULL, NULL, NULL, 'corridor');
REPLACE INTO script_lines VALUES ('8066', '8067', NULL, '8', '21', 'Oops!', 'upper', NULL, NULL, NULL, NULL, 'corridor');
REPLACE INTO script_lines VALUES ('8067', '8068', NULL, '8', '21', 'While CPR is performed in conjunction with AED, the AED needs to be static in order to analyze the heart rhythm.', 'upper', NULL, NULL, NULL, NULL, 'corridor');
REPLACE INTO script_lines VALUES ('8068', '8069', NULL, '8', '21', 'Do nothing.', 'upper', NULL, NULL, NULL, NULL, 'corridor');
REPLACE INTO script_lines VALUES ('8069', '8070', NULL, '8', '21', 'Correct!', 'upper', NULL, NULL, NULL, NULL, 'corridor');
REPLACE INTO script_lines VALUES ('8070', '8071', NULL, '8', '21', 'Now, once analysis is complete, one of two directives will be given.', 'upper', NULL, NULL, NULL, NULL, 'corridor');
REPLACE INTO script_lines VALUES ('8071', '8072', NULL, '8', '21', '<font face=\"Courier New\">No shock advised.</font>', 'upper', NULL, NULL, NULL, NULL, 'corridor');
REPLACE INTO script_lines VALUES ('8072', '8073', NULL, '8', '21', 'In this case, the patient\'s heartbeat is not irregular.', 'upper', NULL, NULL, NULL, NULL, 'corridor');
REPLACE INTO script_lines VALUES ('8073', '8074', NULL, '8', '21', 'It may be a normal heartbeat, in which case he is choking, or the heartbeat may have stopped.', 'upper', NULL, NULL, NULL, NULL, 'corridor');
REPLACE INTO script_lines VALUES ('8074', '8075', NULL, '8', '21', 'The AED will advise on alternative courses of action.', 'upper', NULL, NULL, NULL, NULL, 'corridor');
REPLACE INTO script_lines VALUES ('8075', '8076', NULL, '8', '21', '<font face=\"Courier New\">Check airway. Check breathing.</font>', 'upper', NULL, NULL, NULL, NULL, 'dock');
REPLACE INTO script_lines VALUES ('8076', '8077', NULL, '8', '21', '<font face=\"Courier New\">If needed, perform CPR now.</font>', 'upper', NULL, NULL, NULL, NULL, 'dock');
REPLACE INTO script_lines VALUES ('8077', '8078', NULL, '8', '21', 'In the alternative case, the patient is suffering from cardiac arrest.', 'upper', NULL, NULL, NULL, NULL, 'dock');
REPLACE INTO script_lines VALUES ('8078', '8079', NULL, '8', '21', 'In this case, the direction given by the AED will be different.', 'upper', NULL, NULL, NULL, NULL, 'dock');
REPLACE INTO script_lines VALUES ('8079', '8080', NULL, '8', '21', '<font face=\"Courier New\">Shock advised.</font>', 'upper', NULL, NULL, NULL, NULL, 'corridor');
REPLACE INTO script_lines VALUES ('8080', '8081', NULL, '8', '21', 'This will be followed by a loud increasing pitch&#8230;', 'upper', NULL, NULL, NULL, NULL, 'corridor');
REPLACE INTO script_lines VALUES ('8081', '8082', NULL, '8', '21', '&#8230;as the machine builds up the charge to deliver the shock.', 'upper', NULL, NULL, NULL, NULL, 'corridor');
REPLACE INTO script_lines VALUES ('8082', '8083', NULL, '8', '21', 'Finally, the machine will prompt;', 'upper', NULL, NULL, NULL, NULL, 'corridor');
REPLACE INTO script_lines VALUES ('8083', '8084', NULL, '8', '21', '<font face=\"Courier New\">Press shock button.</font>', 'upper', NULL, NULL, NULL, NULL, 'corridor');
REPLACE INTO script_lines VALUES ('8084', '8085', NULL, '8', '21', 'During this time it is best not to touch the patient&#8230;', 'upper', NULL, NULL, NULL, NULL, 'corridor');
REPLACE INTO script_lines VALUES ('8085', '8086', NULL, '8', '21', '&#8230;as the current may pass through you, through contact.', 'upper', NULL, NULL, NULL, NULL, 'corridor');
REPLACE INTO script_lines VALUES ('8086', '8087', NULL, '8', '21', 'The AED will deliver the shock. And then&#8230;', 'upper', NULL, NULL, NULL, NULL, 'corridor');
REPLACE INTO script_lines VALUES ('8087', '8088', NULL, '8', '21', '<font face=\"Courier New\">Shock 1 delivered.</font>', 'upper', NULL, NULL, NULL, NULL, 'corridor');
REPLACE INTO script_lines VALUES ('8088', '8089', NULL, '8', '21', '<font face=\"Courier New\">It is now safe to touch the patient</font>', 'upper', NULL, NULL, NULL, NULL, 'corridor');
REPLACE INTO script_lines VALUES ('8089', '8090', NULL, '8', '21', '<font face=\"Courier New\">Continue CPR now. Continue CPR for one-minute forty five-seconds.</font>', 'upper', NULL, NULL, NULL, NULL, 'corridor');
REPLACE INTO script_lines VALUES ('8090', '8091', NULL, '8', '21', '&#8230;', 'upper', NULL, NULL, NULL, NULL, 'corridor');
REPLACE INTO script_lines VALUES ('8091', '8092', NULL, '8', '21', '<font face=\"Courier New\">Continue CPR for one-minute thirty seconds.</font>', 'upper', NULL, NULL, NULL, NULL, 'corridor');
REPLACE INTO script_lines VALUES ('8092', '8093', NULL, '8', '21', '&#8230;', 'upper', NULL, NULL, NULL, NULL, 'corridor');
REPLACE INTO script_lines VALUES ('8093', '8094', NULL, '8', '21', '<font face=\"Courier New\">Continue CPR for one-minute fifteen seconds.</font>', 'upper', NULL, NULL, NULL, NULL, 'corridor');
REPLACE INTO script_lines VALUES ('8094', '8095', NULL, '8', '21', '&#8230;', 'upper', NULL, NULL, NULL, NULL, 'corridor');
REPLACE INTO script_lines VALUES ('8095', '8096', NULL, '8', '21', 'And so on, for the next minute. After which&#8230;', 'upper', NULL, NULL, NULL, NULL, 'dock');
REPLACE INTO script_lines VALUES ('8096', '8097', NULL, '8', '21', '<font face=\"Courier New\">Analysing Heart Rhythm.</font>', 'upper', NULL, NULL, NULL, NULL, 'dark');
REPLACE INTO script_lines VALUES ('8097', '8098', NULL, '8', '21', '<font face=\"Courier New\">Do not touch patient.</font>', 'upper', NULL, NULL, NULL, NULL, 'dark');
REPLACE INTO script_lines VALUES ('8098', '8099', NULL, '8', '21', 'The AED will analyse the patient\'s heartbeat again, and determine if further shocks are necessary.', 'upper', NULL, NULL, NULL, NULL, 'dark');
REPLACE INTO script_lines VALUES ('8099', '8100', NULL, '8', '21', '<font face=\"Courier New\">Shock advised.</font>', 'upper', NULL, NULL, NULL, NULL, 'dark');
REPLACE INTO script_lines VALUES ('8100', '8101', NULL, '8', '21', '<font face=\"Courier New\">Press shock button.</font>', 'upper', NULL, NULL, NULL, NULL, 'dark');
REPLACE INTO script_lines VALUES ('8101', '8102', NULL, '8', '21', '<font face=\"Courier New\">Shock 2 delivered.</font>', 'upper', NULL, NULL, NULL, NULL, 'dark');
REPLACE INTO script_lines VALUES ('8102', '8103', NULL, '8', '21', '<font face=\"Courier New\">It is now safe to touch the patient</font>', 'upper', NULL, NULL, NULL, NULL, 'dark');
REPLACE INTO script_lines VALUES ('8103', '8104', NULL, '8', '21', '<font face=\"Courier New\">Continue CPR now. Continue CPR for one-minute forty five-seconds.</font>', 'upper', NULL, NULL, NULL, NULL, 'dark');

REPLACE INTO script_mcq_options VALUES ('121', '66001', 'Inspect her!', '1017');
REPLACE INTO script_mcq_options VALUES ('122', '66001', 'Shout for help!', '1019');
REPLACE INTO script_mcq_options VALUES ('123', '66002', 'Check her throat for choking', '1024');
REPLACE INTO script_mcq_options VALUES ('124', '66002', 'Check her breathing', '1028');
REPLACE INTO script_mcq_options VALUES ('125', '66003', 'Perform CPR', '1033');
REPLACE INTO script_mcq_options VALUES ('126', '66003', 'Look for something to help', '1037');
REPLACE INTO script_mcq_options VALUES ('127', '66007', 'I think it\'s in the corridor!', '1040');
REPLACE INTO script_mcq_options VALUES ('128', '66007', 'I remember! It\'s on the decks!', '1044');
REPLACE INTO script_mcq_options VALUES ('129', '66004', 'Perform CPR!', '1053');
REPLACE INTO script_mcq_options VALUES ('130', '66006', 'Perform chest compressions!', '1056');
REPLACE INTO script_mcq_options VALUES ('131', '66005', 'Perform CPR!', '1081');
REPLACE INTO script_mcq_options VALUES ('132', '66008', 'Perform chest compressions!', '1084');
REPLACE INTO script_mcq_options VALUES ('133', '66201', 'He hired you just to help her take her medicine?', '2016');
REPLACE INTO script_mcq_options VALUES ('134', '66201', 'Tell me about these medicines', '2021');
REPLACE INTO script_mcq_options VALUES ('135', '66202', 'Could you have confused the medicine, Leila?', '2030');
REPLACE INTO script_mcq_options VALUES ('136', '66202', 'I see. And how do you keep from being confused, Leila?', '2034');
REPLACE INTO script_mcq_options VALUES ('137', '66203', 'Something seems a little off&#8230;', '2052');
REPLACE INTO script_mcq_options VALUES ('138', '66203', 'Everything seems to be in order', '2059');
REPLACE INTO script_mcq_options VALUES ('139', '66301', 'Who said?', '3022');
REPLACE INTO script_mcq_options VALUES ('140', '66301', 'The medication?', '3024');
REPLACE INTO script_mcq_options VALUES ('141', '66302', 'He knew Leila before this?', '3034');
REPLACE INTO script_mcq_options VALUES ('142', '66302', 'What do you think of her as a nurse?', '3039');
REPLACE INTO script_mcq_options VALUES ('143', '66401', 'And do you think that\'s what happened?', '4026');
REPLACE INTO script_mcq_options VALUES ('144', '66401', 'Was she a little forgetful sometimes?', '4032');
REPLACE INTO script_mcq_options VALUES ('145', '66402', '<em>That\'s a little wobbly. I\'ll press him on this fact.</em>', '4053');
REPLACE INTO script_mcq_options VALUES ('146', '66402', '<em>There\'s nothing wrong with that statement.</em>', '4058');
REPLACE INTO script_mcq_options VALUES ('147', '66403', '&#8230;his black watch.', '4069');
REPLACE INTO script_mcq_options VALUES ('148', '66403', '&#8230;a pair of his gloves.', '4078');
REPLACE INTO script_mcq_options VALUES ('149', '66501', 'I - yes, I think you\'re right. Semyon is the killer!', '5011');
REPLACE INTO script_mcq_options VALUES ('150', '66501', 'No, hang on a minute; what\'s all this about!?', '5025');
REPLACE INTO script_mcq_options VALUES ('151', '66502', 'Yes.', '5050');
REPLACE INTO script_mcq_options VALUES ('152', '66502', 'No. No. I think I see it.', '5065');
REPLACE INTO script_mcq_options VALUES ('153', '66503', 'Semyon', '5067');
REPLACE INTO script_mcq_options VALUES ('154', '66503', 'Tulipov', '5070');
REPLACE INTO script_mcq_options VALUES ('155', '66998', 'Restart from start of chapter? (You may have missed some clues!)', '5001');
REPLACE INTO script_mcq_options VALUES ('156', '66998', 'Restart from start of game? (You might like to try again, paying more attention this time!)', '1001');
REPLACE INTO script_mcq_options VALUES ('157', '66998', 'Do not restart.', '6999');
REPLACE INTO script_mcq_options VALUES ('158', '66999', 'Restart game?', '1001');
REPLACE INTO script_mcq_options VALUES ('159', '66999', 'Go to chapter select', '6001');
REPLACE INTO script_mcq_options VALUES ('160', '66000', 'Replay chapters from the game', '6001');
REPLACE INTO script_mcq_options VALUES ('161', '66000', 'Game Extras', '6012');
REPLACE INTO script_mcq_options VALUES ('162', '67001', 'Return to chapter 1', '1001');
REPLACE INTO script_mcq_options VALUES ('163', '67001', 'Return to chapter 2', '2001');
REPLACE INTO script_mcq_options VALUES ('164', '67001', 'Return to chapter 3', '3001');
REPLACE INTO script_mcq_options VALUES ('165', '67001', 'Return to chapter 4', '4001');
REPLACE INTO script_mcq_options VALUES ('166', '67001', 'Return to chapter 5', '5001');
REPLACE INTO script_mcq_options VALUES ('167', '67001', 'Return to previous menu', '6006');
REPLACE INTO script_mcq_options VALUES ('168', '67002', 'Play the special epilogue chapter', '7001');
REPLACE INTO script_mcq_options VALUES ('169', '67002', 'Play the AED simulation', '8001');
REPLACE INTO script_mcq_options VALUES ('170', '67002', 'Return to previous menu', '6006');
REPLACE INTO script_mcq_options VALUES ('171', '66701', 'Open the box!', '7042');
REPLACE INTO script_mcq_options VALUES ('172', '66702', 'Attach the pads!', '7045');
REPLACE INTO script_mcq_options VALUES ('173', '66703', 'Hands off!', '7050');
REPLACE INTO script_mcq_options VALUES ('174', '66704', 'Press the Shock button!', '7054');
REPLACE INTO script_mcq_options VALUES ('175', '66705', 'Perform CPR!', '7063');
REPLACE INTO script_mcq_options VALUES ('176', '66706', 'Perform CPR!', '7066');
REPLACE INTO script_mcq_options VALUES ('177', '66707', 'Perform CPR!', '7068');

REPLACE INTO script_mcqs VALUES ('66001', 'choose_one');
REPLACE INTO script_mcqs VALUES ('66002', 'choose_one');
REPLACE INTO script_mcqs VALUES ('66003', 'choose_one');
REPLACE INTO script_mcqs VALUES ('66004', 'choose_one');
REPLACE INTO script_mcqs VALUES ('66005', 'choose_one');
REPLACE INTO script_mcqs VALUES ('66006', 'choose_one');
REPLACE INTO script_mcqs VALUES ('66007', 'choose_one');
REPLACE INTO script_mcqs VALUES ('66008', 'choose_one');
REPLACE INTO script_mcqs VALUES ('66201', 'choose_one');
REPLACE INTO script_mcqs VALUES ('66202', 'choose_one');
REPLACE INTO script_mcqs VALUES ('66203', 'choose_one');
REPLACE INTO script_mcqs VALUES ('66301', 'repeat_for_each');
REPLACE INTO script_mcqs VALUES ('66302', 'choose_one');
REPLACE INTO script_mcqs VALUES ('66401', 'choose_one');
REPLACE INTO script_mcqs VALUES ('66402', 'choose_one');
REPLACE INTO script_mcqs VALUES ('66403', 'choose_one');
REPLACE INTO script_mcqs VALUES ('66501', 'choose_one');
REPLACE INTO script_mcqs VALUES ('66502', 'choose_one');
REPLACE INTO script_mcqs VALUES ('66503', 'choose_one');
REPLACE INTO script_mcqs VALUES ('66509', 'choose_one');
REPLACE INTO script_mcqs VALUES ('66998', 'choose_one');
REPLACE INTO script_mcqs VALUES ('66999', 'choose_one');
REPLACE INTO script_mcqs VALUES ('66000', 'choose_one');
REPLACE INTO script_mcqs VALUES ('66701', 'choose_one');
REPLACE INTO script_mcqs VALUES ('66702', 'choose_one');
REPLACE INTO script_mcqs VALUES ('66703', 'choose_one');
REPLACE INTO script_mcqs VALUES ('66704', 'choose_one');
REPLACE INTO script_mcqs VALUES ('66705', 'choose_one');
REPLACE INTO script_mcqs VALUES ('66706', 'choose_one');
REPLACE INTO script_mcqs VALUES ('66707', 'choose_one');
REPLACE INTO script_mcqs VALUES ('66708', 'choose_one');
REPLACE INTO script_mcqs VALUES ('66801', 'choose_one');
REPLACE INTO script_mcqs VALUES ('66802', 'choose_one');
REPLACE INTO script_mcqs VALUES ('66800', 'choose_one');

REPLACE INTO script_lines VALUES ('7001', '7002', NULL, '7', '19', 'Ace, tell me.', 'upper', NULL, NULL, NULL, NULL, 'dock');
REPLACE INTO script_lines VALUES ('7002', '7003', NULL, '7', '19', 'What really happened in that room that day, when you arrested my brother.', 'upper', NULL, NULL, NULL, NULL, 'dock');
REPLACE INTO script_lines VALUES ('7003', '7901', NULL, '7', '19', 'There were all kinds of rumours about Leila trying to commit suicide, but everybody refused to talk to me.', 'upper', NULL, NULL, NULL, NULL, 'dock');
REPLACE INTO script_lines VALUES ('7901', '7004', NULL, '7', '19', 'I would like to know.', 'upper', NULL, NULL, NULL, NULL, 'dock');
REPLACE INTO script_lines VALUES ('7004', '7005', NULL, '7', '14', 'Well&#8230;', 'lower', NULL, NULL, NULL, NULL, 'dock');
REPLACE INTO script_lines VALUES ('7005', '7006', NULL, '7', '16', '<em>After the chat with the Captain, we\'d put Semyon in the office, watched by some of the sailors.</em>', 'lower', NULL, NULL, NULL, NULL, 'deck');
REPLACE INTO script_lines VALUES ('7006', '7007', NULL, '7', '16', '<em>We made our way to Sonetwo\'s room. The doors were open; we peeped in.</em>', 'lower', NULL, NULL, NULL, NULL, 'deck');
REPLACE INTO script_lines VALUES ('7007', '7008', NULL, '7', '16', '<em>Inside, we saw Leila fidgeting worriedly, a small red box under her arm.</em>', 'lower', NULL, NULL, NULL, NULL, 'corridor');
REPLACE INTO script_lines VALUES ('7008', '7009', NULL, '7', '17', 'You!', 'upper', NULL, NULL, NULL, NULL, 'corridor');
REPLACE INTO script_lines VALUES ('7009', '7010', NULL, '7', '14', 'That\'s the AED!', 'lower', NULL, NULL, NULL, NULL, 'corridor');
REPLACE INTO script_lines VALUES ('7010', '7011', NULL, '7', '17', 'Look out, she\'s throwing it!', 'upper', NULL, NULL, NULL, NULL, 'corridor');
REPLACE INTO script_lines VALUES ('7011', '7012', NULL, '7', '16', '<em>She threw the AED at us, and ducked into the toilet.</em>', 'lower', NULL, NULL, NULL, NULL, 'corridor');
REPLACE INTO script_lines VALUES ('7012', '7013', NULL, '7', '16', '<em>I caught it in the air. Easy catch; I used to play basketball.</em>', 'lower', NULL, NULL, NULL, NULL, 'corridor');
REPLACE INTO script_lines VALUES ('7013', '7014', NULL, '7', '17', 'She\'s locked the door from the inside.', 'upper', NULL, NULL, NULL, NULL, 'corridor');
REPLACE INTO script_lines VALUES ('7014', '7015', NULL, '7', '17', 'Kick it down, boys!', 'upper', NULL, NULL, NULL, NULL, 'corridor');
REPLACE INTO script_lines VALUES ('7015', '7016', NULL, '7', '16', '<em>As the sailors started kicking the bathroom door down, the captain noticed the red bundle I was carrying.</em>', 'lower', NULL, NULL, NULL, NULL, 'corridor');
REPLACE INTO script_lines VALUES ('7016', '7017', NULL, '7', '14', 'Do you have one of these in every room?', 'lower', NULL, NULL, NULL, NULL, 'corridor');
REPLACE INTO script_lines VALUES ('7017', '7019', NULL, '7', '17', 'What? No!', 'upper', NULL, NULL, NULL, NULL, 'corridor');
REPLACE INTO script_lines VALUES ('7018', '7019', NULL, '7', '17', 'Nope.', 'upper', NULL, NULL, NULL, NULL, 'corridor');
REPLACE INTO script_lines VALUES ('7019', '7020', NULL, '7', '17', 'Dammit, I think that\'s the one he stole from the deck!', 'upper', NULL, NULL, NULL, NULL, 'corridor');
REPLACE INTO script_lines VALUES ('7020', '7021', NULL, '7', '16', '<em>Several things happened at once. The Captain cursed.</em>', 'lower', NULL, NULL, NULL, NULL, 'corridor');
REPLACE INTO script_lines VALUES ('7021', '7022', NULL, '7', '16', '<em>The sailors kicked the door open and gave a shout.</em>', 'lower', NULL, NULL, NULL, NULL, 'corridor');
REPLACE INTO script_lines VALUES ('7022', '7023', NULL, '7', '16', '<em>We saw Leila, draped over the sink, frothing at the mouth.</em>', 'lower', NULL, NULL, NULL, NULL, 'corridor');
REPLACE INTO script_lines VALUES ('7023', '7024', NULL, '7', '16', '<em>Her medicine bag hanging open by her side, pills scattered everywhere.</em>', 'lower', NULL, NULL, NULL, NULL, 'corridor');
REPLACE INTO script_lines VALUES ('7024', '7025', NULL, '7', '17', 'Suicide!', 'upper', NULL, NULL, NULL, NULL, 'corridor');
REPLACE INTO script_lines VALUES ('7025', '7026', NULL, '7', '14', 'What?!', 'lower', NULL, NULL, NULL, NULL, 'corridor');
REPLACE INTO script_lines VALUES ('7026', '7027', NULL, '7', '17', 'I\'ll handle this-', 'upper', NULL, NULL, NULL, NULL, 'corridor');
REPLACE INTO script_lines VALUES ('7027', '7028', NULL, '7', '16', '<em>At this point, Tulipov appeared in the door.</em>', 'lower', NULL, NULL, NULL, NULL, 'corridor');
REPLACE INTO script_lines VALUES ('7028', '7029', NULL, '7', '18', 'Come on, Leila, it\'s ready, let\'s-', 'upper', NULL, NULL, NULL, NULL, 'corridor');
REPLACE INTO script_lines VALUES ('7029', '7030', NULL, '7', '16', '<em>He blanched at the scene - a captain, a detective and a crew of sailors all staring.</em>', 'lower', NULL, NULL, NULL, NULL, 'corridor');
REPLACE INTO script_lines VALUES ('7030', '7031', NULL, '7', '16', '<em>He turned and ran.</em>', 'lower', NULL, NULL, NULL, NULL, 'corridor');
REPLACE INTO script_lines VALUES ('7031', '7032', NULL, '7', '17', 'After him!', 'upper', NULL, NULL, NULL, NULL, 'corridor');
REPLACE INTO script_lines VALUES ('7032', '7033', NULL, '7', '16', '<em>The sailors gave chase. I started to run, too, but the Captain held me back.</em>', 'lower', NULL, NULL, NULL, NULL, 'corridor');
REPLACE INTO script_lines VALUES ('7033', '7034', NULL, '7', '17', 'No!', 'upper', NULL, NULL, NULL, NULL, 'corridor');
REPLACE INTO script_lines VALUES ('7034', '7035', NULL, '7', '17', 'Ace, she took some of the drugs, I think she\'s having a heart attack', 'upper', NULL, NULL, NULL, NULL, 'corridor');
REPLACE INTO script_lines VALUES ('7035', '7036', NULL, '7', '14', 'Just like the old lady. That\'s how she killed her.', 'lower', NULL, NULL, NULL, NULL, 'corridor');
REPLACE INTO script_lines VALUES ('7036', '7037', NULL, '7', '17', 'Her throat\'s not blocked. She\'s going into cardiac arrest.', 'upper', NULL, NULL, NULL, NULL, 'corridor');
REPLACE INTO script_lines VALUES ('7037', '7038', NULL, '7', '14', 'I\'ll go chase that scoundrel. You go do your CPR and AED.', 'lower', NULL, NULL, NULL, NULL, 'corridor');
REPLACE INTO script_lines VALUES ('7038', '7039', NULL, '7', '16', '<em>And with that the captain bounded out the door, howling like a mad wolf.</em>', 'lower', NULL, NULL, NULL, NULL, 'corridor');
REPLACE INTO script_lines VALUES ('7039', '7040', NULL, '7', '14', 'Okay Ace, you can do this.', 'lower', NULL, NULL, NULL, NULL, 'corridor');
REPLACE INTO script_lines VALUES ('7040', '7041', NULL, '7', '14', 'Semyon said it shouts instructions so even an idiot can use it.', 'lower', NULL, NULL, NULL, NULL, 'corridor');
REPLACE INTO script_lines VALUES ('7041', NULL, '66701', '7', '14', 'I just hope this machine\'s idiotproof.', 'lower', NULL, NULL, NULL, NULL, 'corridor');
REPLACE INTO script_lines VALUES ('7042', '7043', NULL, '7', '16', '<em>I opened the box.</em>', 'lower', NULL, NULL, NULL, NULL, 'corridor');
REPLACE INTO script_lines VALUES ('7043', '7044', NULL, '7', '16', '<em>There was a big boxy machine, with two pads attached.</em>', 'lower', NULL, NULL, NULL, NULL, 'corridor');
REPLACE INTO script_lines VALUES ('7044', NULL, '66702', '7', '14', 'I guess I have to attach these?', 'lower', NULL, NULL, NULL, NULL, 'corridor');
REPLACE INTO script_lines VALUES ('7045', '7046', NULL, '7', '14', 'I peeled the sticker off the patches and applied them, goo-side-down, unto Leila.', 'lower', NULL, NULL, NULL, NULL, 'corridor');
REPLACE INTO script_lines VALUES ('7046', '7047', NULL, '7', '14', 'There were diagrams showing me where to place them -', 'lower', NULL, NULL, NULL, NULL, 'corridor');
REPLACE INTO script_lines VALUES ('7047', '7048', NULL, '7', '17', 'One on the right collarbone, and one under the armpit.', 'upper', NULL, NULL, NULL, NULL, 'corridor');
REPLACE INTO script_lines VALUES ('7048', '7049', NULL, '7', '17', 'Suddenly, it started humming on its own.', 'upper', NULL, NULL, NULL, NULL, 'corridor');
REPLACE INTO script_lines VALUES ('7049', NULL, '66703', '7', '21', '<font face=\"Courier New\">Analyzing Heart Rhythm. Do not touch patient.</font>', 'upper', NULL, NULL, NULL, NULL, 'corridor');
REPLACE INTO script_lines VALUES ('7050', '7051', NULL, '7', '21', '<font face=\"Courier New\">...</font>', 'upper', NULL, NULL, NULL, NULL, 'corridor');
REPLACE INTO script_lines VALUES ('7051', '7052', NULL, '7', '21', '<font face=\"Courier New\">Shock advised.</font>', 'upper', NULL, 'Yes.', NULL, NULL, 'corridor');
REPLACE INTO script_lines VALUES ('7052', '7053', NULL, '7', '16', '<em>There was a hum, rising in pitch, as though the instrument were charging up</em>', 'lower', NULL, NULL, NULL, NULL, 'corridor');
REPLACE INTO script_lines VALUES ('7053', NULL, '66704', '7', '21', '<font face=\"Courier New\">Press shock button.</font>', 'upper', NULL, NULL, NULL, NULL, 'corridor');
REPLACE INTO script_lines VALUES ('7054', '7055', NULL, '7', '14', 'Shock button, shock button, shock button&#8230;', 'lower', NULL, NULL, NULL, NULL, 'corridor');
REPLACE INTO script_lines VALUES ('7055', '7056', NULL, '7', '16', '<em>&#8230;okay, there\'s only one button. Pressing&#8230;</em>', 'lower', NULL, NULL, NULL, NULL, 'corridor');
REPLACE INTO script_lines VALUES ('7056', '7057', NULL, '7', '16', '<em>There was a loud noise, and Leila twitched slightly.</em>', 'lower', NULL, NULL, NULL, NULL, 'corridor');
REPLACE INTO script_lines VALUES ('7057', '7058', NULL, '7', '16', '<em>Yikes!</em>', 'lower', NULL, NULL, NULL, NULL, 'corridor');
REPLACE INTO script_lines VALUES ('7058', '7059', NULL, '7', '16', '<em>It was a good thing I wasn\'t touching Leila when I pressed the button.</em>', 'lower', NULL, NULL, NULL, NULL, 'corridor');
REPLACE INTO script_lines VALUES ('7059', '7060', NULL, '7', '16', '<em>It looked like a pretty big shock.</em>', 'lower', NULL, NULL, NULL, NULL, 'corridor');
REPLACE INTO script_lines VALUES ('7060', '7061', NULL, '7', '21', '<font face=\"Courier New\">Shock 1 delivered.</font>', 'upper', NULL, NULL, NULL, NULL, 'corridor');
REPLACE INTO script_lines VALUES ('7061', '7062', NULL, '7', '21', '<font face=\"Courier New\">It is now safe to touch the patient</font>', 'upper', NULL, NULL, NULL, NULL, 'corridor');
REPLACE INTO script_lines VALUES ('7062', NULL, '66705', '7', '21', '<font face=\"Courier New\">Continue CPR now. Continue CPR for one-minute forty five-seconds.</font>', 'upper', NULL, NULL, NULL, NULL, 'corridor');
REPLACE INTO script_lines VALUES ('7063', '7064', NULL, '7', '16', '<em>So I did.</em>', 'lower', NULL, NULL, NULL, NULL, 'corridor');
REPLACE INTO script_lines VALUES ('7064', '7065', NULL, '7', '14', 'I performed CPR for the next one minute forty-five seconds.', 'lower', NULL, NULL, NULL, NULL, 'corridor');
REPLACE INTO script_lines VALUES ('7065', NULL, '66706', '7', '21', '<font face=\"Courier New\">Continue CPR for one-minute thirty seconds.</font>', 'upper', NULL, NULL, NULL, NULL, 'corridor');
REPLACE INTO script_lines VALUES ('7066', '7067', NULL, '7', '14', 'While the machine continued yammering away at me in the background.', 'lower', NULL, NULL, NULL, NULL, 'corridor');
REPLACE INTO script_lines VALUES ('7067', NULL, '66707', '7', '21', '<font face=\"Courier New\">Continue CPR for one-minute fifteen seconds.</font>', 'upper', NULL, NULL, NULL, NULL, 'corridor');
REPLACE INTO script_lines VALUES ('7068', '7069', NULL, '7', '14', 'Okay (gasp) okay (gasp), I get the (gasp) point!', 'lower', NULL, NULL, NULL, NULL, 'corridor');
REPLACE INTO script_lines VALUES ('7069', '7070', NULL, '7', '14', 'Grief, (gasp), I\'m getting tired (gasp) too easily!', 'lower', NULL, NULL, NULL, NULL, 'corridor');
REPLACE INTO script_lines VALUES ('7070', '7071', NULL, '7', '21', '<font face=\"Courier New\">Continue CPR for one minute.</font>', 'upper', NULL, NULL, NULL, NULL, 'corridor');
REPLACE INTO script_lines VALUES ('7071', '7072', NULL, '7', '14', 'Aargh!', 'lower', NULL, NULL, NULL, NULL, 'corridor');
REPLACE INTO script_lines VALUES ('7072', '7073', NULL, '7', '16', '<em>That stupid machine kept yelling in my ears.</em>', 'lower', NULL, NULL, NULL, NULL, 'corridor');
REPLACE INTO script_lines VALUES ('7073', '7074', NULL, '7', '16', '<em>It was really, really loud.</em>', 'lower', NULL, NULL, NULL, NULL, 'corridor');
REPLACE INTO script_lines VALUES ('7074', '7075', NULL, '7', '19', 'Yeah, AEDs are like that.', 'upper', NULL, NULL, NULL, NULL, 'dock');
REPLACE INTO script_lines VALUES ('7075', '7076', NULL, '7', '19', 'But it kept you going, right?', 'upper', NULL, NULL, NULL, NULL, 'dock');
REPLACE INTO script_lines VALUES ('7076', '7077', NULL, '7', '14', 'Hah. I nearly had a heart attack myself.', 'lower', NULL, NULL, NULL, NULL, 'dock');
REPLACE INTO script_lines VALUES ('7077', '7078', NULL, '7', '14', 'It was giving me so much stress.', 'lower', NULL, NULL, NULL, NULL, 'dock');
REPLACE INTO script_lines VALUES ('7078', '7079', NULL, '7', '16', '<em>But I was tired from all the action.</em>', 'lower', NULL, NULL, NULL, NULL, 'corridor');
REPLACE INTO script_lines VALUES ('7079', '7080', NULL, '7', '16', '<em>And the shouting kept me going, I guess.</em>', 'lower', NULL, NULL, NULL, NULL, 'corridor');
REPLACE INTO script_lines VALUES ('7080', '7081', NULL, '7', '16', '<em>After one minute, it delivered another shock.</em>', 'lower', NULL, NULL, NULL, NULL, 'corridor');
REPLACE INTO script_lines VALUES ('7081', '7082', NULL, '7', '16', '<em>And I performed CPR for another one minute forty five seconds.</em>', 'lower', NULL, NULL, NULL, NULL, 'corridor');
REPLACE INTO script_lines VALUES ('7082', '7083', NULL, '7', '21', '<font face=\"Courier New\">Shock 2 delivered.</font>', 'upper', NULL, NULL, NULL, NULL, 'corridor');
REPLACE INTO script_lines VALUES ('7083', '7084', NULL, '7', '21', '<font face=\"Courier New\">It is now safe to touch the patient</font>', 'upper', NULL, NULL, NULL, NULL, 'corridor');
REPLACE INTO script_lines VALUES ('7084', '7085', NULL, '7', '21', '<font face=\"Courier New\">Continue CPR now. Continue CPR for one-minute forty five-seconds.</font>', 'upper', NULL, NULL, NULL, NULL, 'corridor');
REPLACE INTO script_lines VALUES ('7085', '7086', NULL, '7', '21', '&#8230;', 'upper', NULL, NULL, NULL, NULL, 'corridor');
REPLACE INTO script_lines VALUES ('7086', '7087', NULL, '7', '21', '<font face=\"Courier New\">Continue CPR for one-minute thirty seconds.</font>', 'upper', NULL, NULL, NULL, NULL, 'corridor');
REPLACE INTO script_lines VALUES ('7087', '7088', NULL, '7', '21', '&#8230;', 'upper', NULL, NULL, NULL, NULL, 'corridor');
REPLACE INTO script_lines VALUES ('7088', '7089', NULL, '7', '21', '<font face=\"Courier New\">Continue CPR for one-minute fifteen seconds.</font>', 'upper', NULL, NULL, NULL, NULL, 'corridor');
REPLACE INTO script_lines VALUES ('7089', '7090', NULL, '7', '14', 'AARGH!', 'lower', NULL, NULL, NULL, NULL, 'corridor');
REPLACE INTO script_lines VALUES ('7090', '7091', NULL, '7', '16', '<em>I kept going until the doctor arrived, and managed to resuscitate her.</em>', 'lower', NULL, NULL, NULL, NULL, 'corridor');
REPLACE INTO script_lines VALUES ('7091', '7092', NULL, '7', '16', '<em>By then I was already exhausted, and couldn\'t move for a while.</em>', 'upper', NULL, NULL, NULL, NULL, 'corridor');
REPLACE INTO script_lines VALUES ('7092', '7093', NULL, '7', '16', '<em>Eventually the doctor came over and thanked me for my quick action.</em>', 'lower', NULL, NULL, NULL, NULL, 'corridor');
REPLACE INTO script_lines VALUES ('7093', '7094', NULL, '7', '16', '<em>I didn\'t reply. I was still panting.</em>', 'lower', NULL, NULL, NULL, NULL, 'corridor');
REPLACE INTO script_lines VALUES ('7094', '7095', NULL, '7', '19', 'But you saved a life.', 'lower', NULL, NULL, NULL, NULL, 'dock');
REPLACE INTO script_lines VALUES ('7095', '7096', NULL, '7', '14', 'Yeah, yeah I did.', 'upper', NULL, NULL, NULL, NULL, 'dark');
REPLACE INTO script_lines VALUES ('7096', '7097', NULL, '7', '16', '<em>A smile broke out across my face.</em>', 'upper', NULL, NULL, NULL, NULL, 'dark');
REPLACE INTO script_lines VALUES ('7097', '7098', NULL, '7', '16', '<em>I saved a life. I was a hero.</em>', 'upper', NULL, NULL, NULL, NULL, 'dark');
REPLACE INTO script_lines VALUES ('7098', '7099', NULL, '7', '14', 'It was cool.', 'lower', NULL, NULL, NULL, NULL, 'dark');
REPLACE INTO script_lines VALUES ('7099', '7100', NULL, '7', '21', '<font face=\"Courier New\">End of epilogue..</font>', 'upper', NULL, NULL, NULL, NULL, 'dark');
REPLACE INTO script_lines VALUES ('7100', '7101', NULL, '7', '21', '<font face=\"Courier New\">Returning you to chapter selection...</font>', 'upper', NULL, NULL, NULL, NULL, 'dark');
REPLACE INTO script_lines VALUES ('7101', '7102', NULL, '7', '21', '<font face=\"Courier New\">Continue CPR for one-minute forty five-seconds&#8230;</font>', 'upper', NULL, NULL, NULL, NULL, 'dark');
REPLACE INTO script_lines VALUES ('7102', '6001', NULL, '7', '14', 'AARGH!', 'upper', NULL, NULL, NULL, NULL, 'dark');

REPLACE INTO script_lines VALUES ('6001', '6002', NULL, '6', '20', 'Welcome to stage select!', 'upper', NULL, NULL, NULL, NULL, 'dark');
REPLACE INTO script_lines VALUES ('6002', '6003', NULL, '6', '20', 'You have completed game 1 of Mystery Story.', 'upper', NULL, NULL, NULL, NULL, 'dark');
REPLACE INTO script_lines VALUES ('6003', '6004', NULL, '6', '20', 'From here, you may navigate to replay any of the previous chapters&#8230;', 'upper', NULL, NULL, NULL, NULL, 'dark');
REPLACE INTO script_lines VALUES ('6004', '6005', NULL, '6', '20', '&#8230;as well as play the special \'unlockable\' chapter, the epilogue of the game.', 'upper', NULL, NULL, NULL, NULL, 'dark');
REPLACE INTO script_lines VALUES ('6005', '6006', NULL, '6', '20', 'There is also a special AED simulation minigame, if you\'d like to learn more about the AED.', 'upper', NULL, NULL, NULL, NULL, 'dark');
REPLACE INTO script_lines VALUES ('6006', NULL, '66000', '6', '20', 'Please make your selection!', 'upper', NULL, NULL, NULL, NULL, 'dark');
REPLACE INTO script_lines VALUES ('6007', '6008', NULL, '6', '20', 'Here, you can replay any of the previous chapters.', 'upper', NULL, NULL, NULL, NULL, NULL);
REPLACE INTO script_lines VALUES ('6008', '6007', NULL, '6', '20', 'Unlock more clues to reveal the full story behind Mystery Story Episode 1!', 'upper', NULL, NULL, NULL, NULL, NULL);
REPLACE INTO script_lines VALUES ('6009', NULL, '67001', '6', '20', 'Please select the chapter you would like to replay.', 'upper', NULL, NULL, NULL, NULL, NULL);
REPLACE INTO script_lines VALUES ('6010', '6011', NULL, '6', '20', 'Here, you can go to the special epilogue chapter, \"Chapter 7\"', 'upper', NULL, NULL, NULL, NULL, NULL);
REPLACE INTO script_lines VALUES ('6011', '6008', NULL, '6', '20', 'As well as go to our special AED Simulation minigame.', 'upper', NULL, NULL, NULL, NULL, NULL);
REPLACE INTO script_lines VALUES ('6012', NULL, '67002', '6', '20', 'Please make your selection!', 'upper', NULL, NULL, NULL, NULL, NULL);

REPLACE INTO script_lines VALUES ('5001', '5002', NULL, '5', '16', '<em>I was shaken awake by a crew member, who quietly beckoned.</em>', 'lower', NULL, NULL, NULL, NULL, 'dark');
REPLACE INTO script_lines VALUES ('5002', '5003', NULL, '5', '16', '<em>The Captain requested my presence, apparently.</em>', 'lower', NULL, NULL, NULL, NULL, 'dark');
REPLACE INTO script_lines VALUES ('5003', '5004', NULL, '5', '16', '<em>I followed along, not knowing what I would be about to see.</em>', 'lower', NULL, NULL, NULL, NULL, 'dark');
REPLACE INTO script_lines VALUES ('5004', '5005', NULL, '5', '16', '<em>I was in for a surprise.</em>', 'lower', NULL, NULL, NULL, NULL, 'dark');
REPLACE INTO script_lines VALUES ('5005', '5006', NULL, '5', '14', 'What?', 'lower', NULL, NULL, NULL, NULL, 'corridor');
REPLACE INTO script_lines VALUES ('5006', '5007', NULL, '5', '14', 'What\'s all this.', 'lower', NULL, NULL, NULL, NULL, 'corridor');
REPLACE INTO script_lines VALUES ('5007', '5008', NULL, '5', '17', 'So sorry to disturb you again, Mr Ace.', 'upper', NULL, NULL, NULL, NULL, 'corridor');
REPLACE INTO script_lines VALUES ('5008', '5009', NULL, '5', '17', 'But we\'d like you along with us.', 'upper', NULL, NULL, NULL, NULL, 'corridor');
REPLACE INTO script_lines VALUES ('5009', NULL, '66501', '5', '17', 'We\'re going to take Semyon into custody for the murder of his grandmother.', 'upper', NULL, NULL, NULL, NULL, 'corridor');
REPLACE INTO script_lines VALUES ('5010', '5011', NULL, '5', '14', 'I - yes, I think you\'re right.', 'lower', NULL, NULL, NULL, NULL, 'corridor');
REPLACE INTO script_lines VALUES ('5011', '5012', NULL, '5', '14', 'He was the only one with access to the drugs after all.', 'lower', NULL, NULL, NULL, NULL, 'corridor');
REPLACE INTO script_lines VALUES ('5012', '5013', NULL, '5', '14', 'And he knew about the AEDs, and would\'ve thought to have gotten rid of it if he were going to poison the old lady', 'lower', NULL, NULL, NULL, NULL, 'corridor');
REPLACE INTO script_lines VALUES ('5013', '5014', NULL, '5', '16', '<em>Semyon was arrested later that day, and taken to court for murder.</em>', 'lower', NULL, NULL, NULL, NULL, 'dark');
REPLACE INTO script_lines VALUES ('5014', '5015', NULL, '5', '16', '<em>He protested his innocence all the way, and tried to fight, but to no avail.</em>', 'lower', NULL, NULL, NULL, NULL, 'dark');
REPLACE INTO script_lines VALUES ('5015', '5016', NULL, '5', '16', '<em>He received a death sentence, and his brother, Tulipov, claimed all of the inheritance.</em>', 'lower', NULL, NULL, NULL, NULL, 'dark');
REPLACE INTO script_lines VALUES ('5016', '5017', NULL, '5', '16', '<em>He married Leila shortly after. I didn\'t get an invitation</em>', 'lower', NULL, NULL, NULL, NULL, 'dark');
REPLACE INTO script_lines VALUES ('5017', '5018', NULL, '5', '16', '<em>Something still bugs me about that incident though.</em>', 'lower', NULL, NULL, NULL, NULL, 'dark');
REPLACE INTO script_lines VALUES ('5018', '5019', NULL, '5', '16', '<em>The missing gloves, the notebook, and the something Semyon said.</em>', 'lower', NULL, NULL, NULL, NULL, 'dark');
REPLACE INTO script_lines VALUES ('5019', '5020', NULL, '5', '16', '<em>I went back and looked at my notebook&#8230;</em>', 'lower', NULL, NULL, NULL, NULL, 'dark');
REPLACE INTO script_lines VALUES ('5020', '5021', NULL, '5', '16', '<em>&#8230;and I wished I could go back to that meeting with the captain</em>', 'lower', NULL, NULL, NULL, NULL, 'dark');
REPLACE INTO script_lines VALUES ('5021', '5022', NULL, '5', '16', '<em>Game over.</em>', 'lower', NULL, NULL, NULL, NULL, 'dark');
REPLACE INTO script_lines VALUES ('5022', '5023', NULL, '5', '16', '<em>Bad End</em>', 'lower', NULL, NULL, NULL, NULL, 'dark');
REPLACE INTO script_lines VALUES ('5023', NULL, '66999', '5', '16', '<em>Restart from Chapter?</em>', 'lower', NULL, NULL, NULL, NULL, 'dark');
REPLACE INTO script_lines VALUES ('5024', '5025', NULL, '5', '14', 'No, hang on a minute.', 'lower', NULL, NULL, NULL, NULL, 'corridor');
REPLACE INTO script_lines VALUES ('5025', '5026', NULL, '5', '14', 'Semyon might have committed the murder, but he definitely wasn\'t the only one with the drugs.', 'lower', NULL, NULL, NULL, NULL, 'corridor');
REPLACE INTO script_lines VALUES ('5026', '5027', NULL, '5', '14', 'Leila, of course, had some. She was the nurse, in charge of distributing the pills', 'lower', NULL, NULL, NULL, NULL, 'corridor');
REPLACE INTO script_lines VALUES ('5027', '5028', NULL, '5', '17', 'And you\'re suggesting Leila committed the murder?', 'upper', NULL, NULL, NULL, NULL, 'corridor');
REPLACE INTO script_lines VALUES ('5028', '5029', NULL, '5', '14', 'I\'m not saying anybody did.', 'lower', NULL, NULL, NULL, NULL, 'corridor');
REPLACE INTO script_lines VALUES ('5029', '5030', NULL, '5', '14', 'But he\'s not the only one with the drugs, though - he\'s not the only suspect.', 'lower', NULL, NULL, NULL, NULL, 'corridor');
REPLACE INTO script_lines VALUES ('5030', '5031', NULL, '5', '17', 'Fair enough, fair enough.', 'upper', NULL, NULL, NULL, NULL, 'corridor');
REPLACE INTO script_lines VALUES ('5031', '5032', NULL, '5', '17', 'The doctor mentioned that she must\'ve overdosed at dinner time.', 'upper', NULL, NULL, NULL, NULL, 'corridor');
REPLACE INTO script_lines VALUES ('5032', '5033', NULL, '5', '17', 'The pills were taken a short while before she collapsed.', 'upper', NULL, NULL, NULL, NULL, 'corridor');
REPLACE INTO script_lines VALUES ('5033', '5034', NULL, '5', '14', 'So the pills would have been slipped to her at dinnertime', 'lower', NULL, NULL, NULL, NULL, 'corridor');
REPLACE INTO script_lines VALUES ('5034', '5035', NULL, '5', '14', 'It\'s possible that Leila, in the process of feeding the grandmother, could\'ve made an error.', 'lower', NULL, NULL, NULL, NULL, 'corridor');
REPLACE INTO script_lines VALUES ('5035', '5036', NULL, '5', '17', 'It would have to be a serious error, though.', 'upper', NULL, NULL, NULL, NULL, 'corridor');
REPLACE INTO script_lines VALUES ('5036', '5037', NULL, '5', '17', 'And doesn\'t she have that logbook of hers?', 'upper', NULL, NULL, NULL, NULL, 'corridor');
REPLACE INTO script_lines VALUES ('5037', '5038', NULL, '5', '14', 'Leila is just careless sometimes.', 'lower', NULL, NULL, NULL, NULL, 'corridor');
REPLACE INTO script_lines VALUES ('5038', '5039', NULL, '5', '14', 'This is confirmed by the two brothers.', 'lower', NULL, NULL, NULL, NULL, 'corridor');
REPLACE INTO script_lines VALUES ('5039', '5040', NULL, '5', '17', 'Huh. Well, the two brothers might\'ve hired a lousy nurse in order to \'accidentally\' murder their mother for inheritance.', 'upper', NULL, NULL, NULL, NULL, 'corridor');
REPLACE INTO script_lines VALUES ('5040', '5041', NULL, '5', '14', 'Ah, yes, well', 'lower', NULL, NULL, NULL, NULL, 'corridor');
REPLACE INTO script_lines VALUES ('5041', '5042', NULL, '5', '14', 'She fills it in very meticulously, but I don\'t know if she really used it.', 'lower', NULL, NULL, NULL, NULL, 'corridor');
REPLACE INTO script_lines VALUES ('5042', '5043', NULL, '5', '14', 'She claims to have given Madam her medicine before dinner, but she didn\'t fill in the logbook.', 'lower', NULL, NULL, NULL, NULL, 'corridor');
REPLACE INTO script_lines VALUES ('5043', '5044', NULL, '5', '17', 'Hmmm.', 'upper', NULL, NULL, NULL, NULL, 'corridor');
REPLACE INTO script_lines VALUES ('5044', '5045', NULL, '5', '17', 'It sounds like you believe Leila is the culprit and she accidentally gave madam the wrong pills.', 'upper', NULL, NULL, NULL, NULL, 'corridor');
REPLACE INTO script_lines VALUES ('5045', '5046', NULL, '5', '17', 'But why did she choose to do it at dinnertime? In a crowded restaurant, on a cruise ship, at that?', 'upper', NULL, NULL, NULL, NULL, 'corridor');
REPLACE INTO script_lines VALUES ('5046', '5047', NULL, '5', '14', 'It\'s possible she wanted to make it look public.', 'lower', NULL, NULL, NULL, NULL, 'corridor');
REPLACE INTO script_lines VALUES ('5047', '5048', NULL, '5', '17', 'Alright. We\'ll take her in for questioning as well.', 'upper', NULL, NULL, NULL, NULL, 'corridor');
REPLACE INTO script_lines VALUES ('5048', NULL, '66502', '5', '17', 'Do you think Leila was working alone?', 'upper', NULL, NULL, NULL, NULL, 'corridor');
REPLACE INTO script_lines VALUES ('5049', '5050', NULL, '5', '14', 'Yes.', 'lower', NULL, NULL, NULL, NULL, 'corridor');
REPLACE INTO script_lines VALUES ('5050', '5051', NULL, '5', '16', '<em>They took Leila in for questioning later that day.</em>', 'lower', NULL, NULL, NULL, NULL, 'dark');
REPLACE INTO script_lines VALUES ('5051', '5052', NULL, '5', '16', '<em>She was arrested and Semyon implicated. The two of them were taken to court for murder.</em>', 'lower', NULL, 'Yes.', NULL, NULL, 'dark');
REPLACE INTO script_lines VALUES ('5052', '5053', NULL, '5', '16', '<em>He protested his innocence all the way, and tried to fight, but to no avail.</em>', 'lower', NULL, NULL, NULL, NULL, 'dark');
REPLACE INTO script_lines VALUES ('5053', '5054', NULL, '5', '16', '<em>She kept screaming and calling Tulipov a backstabber and a traitor. She made up some story about Tulipov being a mastermind</em>', 'lower', NULL, NULL, NULL, NULL, 'dark');
REPLACE INTO script_lines VALUES ('5054', '5055', NULL, '5', '16', '<em>The judge dismissed her claims and ignored them.</em>', 'lower', NULL, NULL, NULL, NULL, 'dark');
REPLACE INTO script_lines VALUES ('5055', '5056', NULL, '5', '16', '<em>Semyon received a death sentence, and his brother, Tulipov, claimed all of the inheritance. He was beaming wildly outside the courtroom.</em>', 'lower', NULL, NULL, NULL, NULL, 'dark');
REPLACE INTO script_lines VALUES ('5056', '5057', NULL, '5', '16', '<em>Leila was given twenty years to life.</em>', 'lower', NULL, NULL, NULL, NULL, 'dark');
REPLACE INTO script_lines VALUES ('5057', '5058', NULL, '5', '16', '<em>Something still bugs me about that incident though.</em>', 'lower', NULL, NULL, NULL, NULL, 'dark');
REPLACE INTO script_lines VALUES ('5058', '5059', NULL, '5', '16', '<em>The missing gloves, the notebook, and the something Semyon said.</em>', 'lower', NULL, NULL, NULL, NULL, 'dark');
REPLACE INTO script_lines VALUES ('5059', '5060', NULL, '5', '16', '<em>I went back and looked at my notebook&#8230;</em>', 'lower', NULL, NULL, NULL, NULL, 'dark');
REPLACE INTO script_lines VALUES ('5060', '5061', NULL, '5', '16', '<em>&#8230;and I wished I could go back to that meeting with the captain</em>', 'lower', NULL, NULL, NULL, NULL, 'dark');
REPLACE INTO script_lines VALUES ('5061', '5062', NULL, '5', '16', '<em>Game over.</em>', 'lower', NULL, NULL, NULL, NULL, 'dark');
REPLACE INTO script_lines VALUES ('5062', NULL, '66998', '5', '16', '<em>Bad End</em>', 'lower', NULL, NULL, NULL, NULL, 'dark');
REPLACE INTO script_lines VALUES ('5063', '5064', NULL, '5', '16', '<em>Restart from Chapter?</em>', 'lower', NULL, NULL, NULL, NULL, 'dark');
REPLACE INTO script_lines VALUES ('5064', '5065', NULL, '5', '14', 'No. No. I think I see it.', 'lower', NULL, NULL, NULL, NULL, 'corridor');
REPLACE INTO script_lines VALUES ('5065', NULL, '66503', '5', '14', 'She was working with&#8230;', 'lower', NULL, NULL, NULL, NULL, 'corridor');
REPLACE INTO script_lines VALUES ('5066', '5067', NULL, '5', '14', 'Semyon', 'lower', NULL, NULL, NULL, NULL, 'corridor');
REPLACE INTO script_lines VALUES ('5067', '5050', NULL, '5', '14', 'The two of them are accomplices.', 'lower', NULL, NULL, NULL, NULL, 'corridor');
REPLACE INTO script_lines VALUES ('5069', '5070', NULL, '5', '14', 'Tulipov', 'lower', NULL, NULL, NULL, NULL, 'corridor');
REPLACE INTO script_lines VALUES ('5070', '5071', NULL, '5', '14', 'There\'s something important that we\'re both missing.', 'lower', NULL, NULL, NULL, NULL, 'corridor');
REPLACE INTO script_lines VALUES ('5071', '5072', NULL, '5', '14', 'The AED that\'s missing.', 'lower', NULL, NULL, NULL, NULL, 'corridor');
REPLACE INTO script_lines VALUES ('5072', '5073', NULL, '5', '14', 'I think Tulipov knew that an overdose was not going to be enough; his brother knew how to use CPR and AED.', 'lower', NULL, NULL, NULL, NULL, 'corridor');
REPLACE INTO script_lines VALUES ('5073', '5074', NULL, '5', '14', 'And I think he went to remove the AED too, before Leila gave the old Madam the dose.', 'lower', NULL, NULL, NULL, NULL, 'corridor');
REPLACE INTO script_lines VALUES ('5074', '5075', NULL, '5', '17', 'That plan sounds plausible.', 'upper', NULL, NULL, NULL, NULL, 'corridor');
REPLACE INTO script_lines VALUES ('5075', '5076', NULL, '5', '17', 'Complicated, cunning, but plausible.', 'upper', NULL, NULL, NULL, NULL, 'corridor');
REPLACE INTO script_lines VALUES ('5076', '5077', NULL, '5', '14', 'Tulipov went missing for half an hour during dinnertime, while Semyon was in the toilet.', 'lower', NULL, NULL, NULL, NULL, 'corridor');
REPLACE INTO script_lines VALUES ('5077', '5078', NULL, '5', '14', 'His gloves were missing too.', 'lower', NULL, NULL, NULL, NULL, 'corridor');
REPLACE INTO script_lines VALUES ('5078', '5079', NULL, '5', '14', 'I bet Tulipov took the gloves to steal the AED, to avoid leaving fingerprints.', 'lower', NULL, NULL, NULL, NULL, 'corridor');
REPLACE INTO script_lines VALUES ('5079', '5080', NULL, '5', '17', 'He didn\'t need to go far to hide it too; just chuck it out overboard with the gloves.', 'upper', NULL, NULL, NULL, NULL, 'corridor');
REPLACE INTO script_lines VALUES ('5080', '5081', NULL, '5', '17', 'It\'d make his brother look bad, and he\'d get all the inheritance.', 'upper', NULL, NULL, NULL, NULL, 'corridor');
REPLACE INTO script_lines VALUES ('5081', '5083', NULL, '5', '17', 'Wait here, Ace. I\'m going to go apprehend that scoundrel once and for all.', 'upper', NULL, NULL, NULL, NULL, 'corridor');
REPLACE INTO script_lines VALUES ('5083', '5084', NULL, '5', '14', 'We caught Tulipov outside his room, trying to make an escape.', 'lower', NULL, NULL, NULL, NULL, 'corridor');
REPLACE INTO script_lines VALUES ('5084', '5085', NULL, '5', '14', 'Leila was found later in her room, frothing at the mouth.', 'lower', NULL, NULL, NULL, NULL, 'corridor');
REPLACE INTO script_lines VALUES ('5085', '5086', NULL, '5', '14', 'Apparently she committed suicide once she heard that we\'d caught Tulipov', 'lower', NULL, NULL, NULL, NULL, 'corridor');
REPLACE INTO script_lines VALUES ('5086', '5087', NULL, '5', '14', 'She still had some pills, of course. The logbook was a lie.', 'lower', NULL, NULL, NULL, NULL, 'corridor');
REPLACE INTO script_lines VALUES ('5087', '5088', NULL, '5', '14', 'We read through it later and found that it was all bull.', 'lower', NULL, NULL, NULL, NULL, 'corridor');
REPLACE INTO script_lines VALUES ('5088', '5089', NULL, '5', '14', 'Tulipov was convicted, and his share of the inheritance given to Semyon', 'lower', NULL, NULL, NULL, NULL, 'corridor');
REPLACE INTO script_lines VALUES ('5089', '5090', NULL, '5', '14', 'Semyon looked shattered, having lost his family.', 'lower', NULL, NULL, NULL, NULL, 'dark');
REPLACE INTO script_lines VALUES ('5090', '5091', NULL, '5', '14', 'The last I heard, he\'d joined the Captain on the cruise ship to take his mind off the events.', 'lower', NULL, NULL, NULL, NULL, 'dark');
REPLACE INTO script_lines VALUES ('5091', '5092', NULL, '5', '14', 'And me? I went straight back to work, and didn\'t get another vacation for a year!', 'lower', NULL, NULL, NULL, NULL, 'dark');
REPLACE INTO script_lines VALUES ('5092', '5093', NULL, '5', '14', 'But at least, at last, justice was served.', 'lower', NULL, NULL, NULL, NULL, 'dark');
REPLACE INTO script_lines VALUES ('5093', '5094', NULL, '5', '16', '<em>Game over.</em>', 'lower', NULL, NULL, NULL, NULL, 'dark');
REPLACE INTO script_lines VALUES ('5094', '6999', NULL, '5', '16', '<em>Congratulations you win!</em>', 'lower', NULL, NULL, NULL, NULL, 'dark');
REPLACE INTO script_lines VALUES ('6999', NULL, '66999', '5', '16', '<em>You have reached the end of the game. Click to restart.</em>', 'lower', NULL, NULL, NULL, NULL, 'dark');

REPLACE INTO script_lines VALUES ('4001', '4002', NULL, '4', '14', 'Something nagged at me, trying to make itself heard.', 'lower', NULL, NULL, NULL, NULL, 'dark');
REPLACE INTO script_lines VALUES ('4002', '4003', NULL, '4', '14', 'Semyon was meticulous about CPR and AED to the point of obsession. And the AED conveniently went missing&#8230;', 'lower', NULL, NULL, NULL, NULL, 'dark');
REPLACE INTO script_lines VALUES ('4003', '4904', NULL, '4', '14', 'He also contradicted Leila, which means one of them - probably both - was lying. ', 'lower', NULL, NULL, NULL, NULL, 'dark');
REPLACE INTO script_lines VALUES ('4904', '4004', NULL, '4', '14', 'I wondered what Tulipov might say - maybe a third contradiction.', 'lower', NULL, NULL, NULL, NULL, 'dark');
REPLACE INTO script_lines VALUES ('4004', '4005', NULL, '4', '14', 'I went to look for Tulipov, and found him in the corridors.', 'lower', NULL, NULL, NULL, NULL, 'dark');
REPLACE INTO script_lines VALUES ('4005', '4006', NULL, '4', '14', 'Mr Lavisham?', 'lower', NULL, NULL, NULL, NULL, 'corridor');
REPLACE INTO script_lines VALUES ('4006', '4007', NULL, '4', '18', 'Yo.', 'upper', NULL, NULL, NULL, NULL, 'corridor');
REPLACE INTO script_lines VALUES ('4007', '4008', NULL, '4', '18', 'It\'s you from the restaurant. How\'re you doing.', 'upper', NULL, NULL, NULL, NULL, 'corridor');
REPLACE INTO script_lines VALUES ('4008', '4009', NULL, '4', '18', 'Thanks for trying to help, man.', 'upper', NULL, NULL, NULL, NULL, 'corridor');
REPLACE INTO script_lines VALUES ('4009', '4010', NULL, '4', '16', '<em>So incredibly different from his brother.</em>', 'lower', NULL, NULL, NULL, NULL, 'corridor');
REPLACE INTO script_lines VALUES ('4010', '4011', NULL, '4', '14', 'No problem. I\'m sorry for your loss.', 'lower', NULL, NULL, NULL, NULL, 'corridor');
REPLACE INTO script_lines VALUES ('4011', '4012', NULL, '4', '18', 'No worries, man.', 'upper', NULL, NULL, NULL, NULL, 'corridor');
REPLACE INTO script_lines VALUES ('4012', '4013', NULL, '4', '18', 'Leila okay now? Saw you bring her to her room.', 'upper', NULL, NULL, NULL, NULL, 'corridor');
REPLACE INTO script_lines VALUES ('4013', '4014', NULL, '4', '14', 'Yeah, she\'s okay now.', 'lower', NULL, NULL, NULL, NULL, 'corridor');
REPLACE INTO script_lines VALUES ('4014', '4015', NULL, '4', '14', 'Leila was telling me about Semyon.', 'lower', NULL, NULL, NULL, NULL, 'corridor');
REPLACE INTO script_lines VALUES ('4015', '4016', NULL, '4', '14', 'The two of them don\'t seem to get along very well.', 'lower', NULL, NULL, NULL, NULL, 'corridor');
REPLACE INTO script_lines VALUES ('4016', '4017', NULL, '4', '18', 'Semyon doesn\'t like her.', 'upper', NULL, NULL, NULL, NULL, 'corridor');
REPLACE INTO script_lines VALUES ('4017', '4018', NULL, '4', '18', 'He thinks I hired her for her looks.', 'upper', NULL, NULL, NULL, NULL, 'corridor');
REPLACE INTO script_lines VALUES ('4018', '4019', NULL, '4', '14', 'She is the sister of one of your friends, right?', 'lower', NULL, NULL, NULL, NULL, 'corridor');
REPLACE INTO script_lines VALUES ('4019', '4020', NULL, '4', '14', 'No doubt he recommended her to you?', 'lower', NULL, NULL, NULL, NULL, 'corridor');
REPLACE INTO script_lines VALUES ('4020', '4021', NULL, '4', '18', 's not why we hired her. She\'s a trained nurse.', 'upper', NULL, NULL, NULL, NULL, 'corridor');
REPLACE INTO script_lines VALUES ('4021', '4022', NULL, '4', '18', 'Mom needed some help with the medicine.', 'upper', NULL, NULL, NULL, NULL, 'corridor');
REPLACE INTO script_lines VALUES ('4022', '4023', NULL, '4', '18', 'The thing about Semyon is that he\'s very unforgiving.', 'upper', NULL, NULL, NULL, NULL, 'corridor');
REPLACE INTO script_lines VALUES ('4023', '4024', NULL, '4', '18', 'He got angry with Leila when she first started out.', 'upper', NULL, NULL, NULL, NULL, 'corridor');
REPLACE INTO script_lines VALUES ('4024', NULL, '66401', '4', '18', 'He wanted to fire her too, said that she might mess up one day and accidentally give Mom the wrong medicine.', 'upper', NULL, NULL, NULL, NULL, 'corridor');
REPLACE INTO script_lines VALUES ('4025', '4026', NULL, '4', '14', 'And do you think that\'s what happened?', 'lower', NULL, NULL, NULL, NULL, 'corridor');
REPLACE INTO script_lines VALUES ('4026', '4027', NULL, '4', '18', '<em>He just stared at me with a look of disbelief and anger for a few moments.</em>', 'upper', NULL, NULL, NULL, NULL, 'corridor');
REPLACE INTO script_lines VALUES ('4027', '4028', NULL, '4', '18', 'Hey now. Watch what you say, buddy.', 'upper', NULL, NULL, NULL, NULL, 'corridor');
REPLACE INTO script_lines VALUES ('4028', '4029', NULL, '4', '18', 'Leila\'s a good girl. And she works hard. She\'s a part of the family.', 'upper', NULL, NULL, NULL, NULL, 'corridor');
REPLACE INTO script_lines VALUES ('4029', '4030', NULL, '4', '18', 'I won\'t have you talk bad about the family, you hear.', 'upper', NULL, NULL, NULL, NULL, 'corridor');
REPLACE INTO script_lines VALUES ('4030', '4035', NULL, '4', '18', 'sides, she\'s got that notebook of hers.', 'upper', NULL, NULL, '40001', NULL, 'corridor');
REPLACE INTO script_lines VALUES ('4031', '4032', NULL, '4', '14', 'Was she a little forgetful sometimes?', 'lower', NULL, NULL, NULL, NULL, 'corridor');
REPLACE INTO script_lines VALUES ('4032', '4033', NULL, '4', '18', 'No.', 'upper', NULL, NULL, NULL, NULL, 'corridor');
REPLACE INTO script_lines VALUES ('4033', '4034', NULL, '4', '18', 'Well, yeah, at the start she got a little confused.', 'upper', NULL, NULL, NULL, NULL, 'corridor');
REPLACE INTO script_lines VALUES ('4034', '4035', NULL, '4', '18', 'It\'s okay now, right? She has that notebook of hers. Did she show you that notebook?', 'upper', NULL, NULL, NULL, NULL, 'corridor');
REPLACE INTO script_lines VALUES ('4035', '4036', NULL, '4', '18', 'She\'s always writing down how much she fed Mom and all.', 'upper', NULL, NULL, NULL, NULL, 'corridor');
REPLACE INTO script_lines VALUES ('4036', '4037', NULL, '4', '18', 'She works hard, the girl. She went to nursing school, you know', 'upper', NULL, NULL, NULL, NULL, 'corridor');
REPLACE INTO script_lines VALUES ('4037', '4038', NULL, '4', '18', 'Semyon got angry with her because she said she didn\'t know how to use one of them A-D-Es.', 'upper', NULL, NULL, NULL, NULL, 'corridor');
REPLACE INTO script_lines VALUES ('4038', '4039', NULL, '4', '14', 'AED?', 'lower', NULL, NULL, NULL, NULL, 'corridor');
REPLACE INTO script_lines VALUES ('4039', '4040', NULL, '4', '18', 'Somethin\' like that.', 'upper', NULL, NULL, NULL, NULL, 'corridor');
REPLACE INTO script_lines VALUES ('4040', '4041', NULL, '4', '18', 'He wanted me to go for the courses, too. Think it\'s a waste of time.', 'upper', NULL, NULL, NULL, NULL, 'corridor');
REPLACE INTO script_lines VALUES ('4041', '4042', NULL, '4', '18', 'It\'s not like they\'re everywhere you look, too.', 'upper', NULL, NULL, NULL, NULL, 'corridor');
REPLACE INTO script_lines VALUES ('4042', '4043', NULL, '4', '14', 'There\'s one outside the restaurant.', 'lower', NULL, NULL, NULL, NULL, 'corridor');
REPLACE INTO script_lines VALUES ('4043', '4044', NULL, '4', '18', 'Eh, whatever.', 'upper', NULL, NULL, '40002', NULL, 'corridor');
REPLACE INTO script_lines VALUES ('4044', '4045', NULL, '4', '14', 'Where\'d you go, during dinner?', 'lower', NULL, NULL, NULL, NULL, 'corridor');
REPLACE INTO script_lines VALUES ('4045', '4046', NULL, '4', '18', 'What?', 'upper', NULL, NULL, NULL, NULL, 'corridor');
REPLACE INTO script_lines VALUES ('4046', '4047', NULL, '4', '18', 'What d\'you mean?', 'upper', NULL, NULL, NULL, NULL, 'corridor');
REPLACE INTO script_lines VALUES ('4047', '4048', NULL, '4', '16', '<em> Hrm. I\'d better not mention his brother.</em>', 'lower', NULL, NULL, NULL, NULL, 'corridor');
REPLACE INTO script_lines VALUES ('4048', '4049', NULL, '4', '14', 'Leila, Leila told me you disappeared during dinner.', 'lower', NULL, NULL, NULL, NULL, 'corridor');
REPLACE INTO script_lines VALUES ('4049', '4050', NULL, '4', '18', 'Oh, that.', 'upper', NULL, NULL, NULL, NULL, 'corridor');
REPLACE INTO script_lines VALUES ('4050', '4051', NULL, '4', '18', 'I went to the bathroom. Cruise ship, \'s making me ill.', 'upper', NULL, NULL, NULL, NULL, 'corridor');
REPLACE INTO script_lines VALUES ('4051', NULL, '66402', '4', '18', 'There\'s a bit of clam chowder, didn\'t agree with me.', 'upper', NULL, NULL, NULL, NULL, 'corridor');
REPLACE INTO script_lines VALUES ('4052', '4053', NULL, '4', '18', 'Press', 'upper', NULL, NULL, NULL, NULL, 'corridor');
REPLACE INTO script_lines VALUES ('4053', '4054', NULL, '4', '14', 'You went to the bathroom? But Semyon said you left the restaurant', 'lower', NULL, NULL, NULL, NULL, 'corridor');
REPLACE INTO script_lines VALUES ('4054', '4055', NULL, '4', '14', 'There was one inside the restaurant, too.', 'lower', NULL, NULL, NULL, NULL, 'corridor');
REPLACE INTO script_lines VALUES ('4055', '4056', NULL, '4', '18', 'Well, yeah, I uh, went back to my room.', 'upper', NULL, NULL, NULL, NULL, 'corridor');
REPLACE INTO script_lines VALUES ('4056', '4088', NULL, '4', '18', 'I\'m a little uncomfortable with public ones. They\'re just not so clean, uh.', 'upper', NULL, NULL, NULL, NULL, 'corridor');
REPLACE INTO script_lines VALUES ('4057', '4058', NULL, '4', '18', 'Don\'t Press', 'upper', NULL, NULL, NULL, NULL, 'corridor');
REPLACE INTO script_lines VALUES ('4058', '4059', NULL, '4', '14', 'Ah. Alright.', 'lower', NULL, NULL, NULL, NULL, 'corridor');
REPLACE INTO script_lines VALUES ('4059', '4060', NULL, '4', '14', 'I\'m just asking, because I heard you were gone for some time.', 'lower', NULL, NULL, NULL, NULL, 'corridor');
REPLACE INTO script_lines VALUES ('4060', '4061', NULL, '4', '18', 'Ah, well, you know.', 'upper', NULL, NULL, NULL, NULL, 'corridor');
REPLACE INTO script_lines VALUES ('4061', '4062', NULL, '4', '18', 'Sometime the pipes are a little blocked.', 'upper', NULL, NULL, NULL, NULL, 'corridor');
REPLACE INTO script_lines VALUES ('4062', '4063', NULL, '4', '14', '<em>He gave me a little wink. I decided, prudently, to drop the conversation.</em>', 'lower', NULL, NULL, NULL, NULL, 'corridor');
REPLACE INTO script_lines VALUES ('4063', '4064', NULL, '4', '14', 'All right then.', 'lower', NULL, NULL, NULL, NULL, 'corridor');
REPLACE INTO script_lines VALUES ('4064', '4065', NULL, '4', '14', 'Oh, by the way, Semyon lost a something in the restaurant, did you see them?', 'lower', NULL, NULL, NULL, NULL, 'corridor');
REPLACE INTO script_lines VALUES ('4065', '4066', NULL, '4', '18', 'No, what?', 'upper', NULL, NULL, NULL, NULL, 'corridor');
REPLACE INTO script_lines VALUES ('4066', '4067', NULL, '4', '14', 'I heard him in the restaurant, asking for them.', 'lower', NULL, NULL, NULL, NULL, 'corridor');
REPLACE INTO script_lines VALUES ('4067', NULL, '66403', '4', '14', 'I think he said he was missing&#8230;', 'lower', NULL, NULL, NULL, NULL, 'corridor');
REPLACE INTO script_lines VALUES ('4068', '4069', NULL, '4', '14', '&#8230;his black watch.', 'lower', NULL, NULL, NULL, NULL, 'corridor');
REPLACE INTO script_lines VALUES ('4069', '4070', NULL, '4', '18', 'Ah, oh.', 'upper', NULL, NULL, NULL, NULL, 'corridor');
REPLACE INTO script_lines VALUES ('4070', '4078', NULL, '4', '18', 'Oh, no, no, didn\'t see anything.', 'upper', NULL, NULL, NULL, NULL, 'corridor');
REPLACE INTO script_lines VALUES ('4071', '4072', NULL, '4', '14', '&#8230;a pair of his gloves.', 'lower', NULL, NULL, NULL, NULL, 'corridor');
REPLACE INTO script_lines VALUES ('4072', '4073', NULL, '4', '18', 'Eh? The ones he\'s always wearing?', 'upper', NULL, NULL, NULL, NULL, 'corridor');
REPLACE INTO script_lines VALUES ('4073', '4074', NULL, '4', '18', 'It\'s not that cold. And they\'re not that warm any way.', 'upper', NULL, NULL, NULL, NULL, 'corridor');
REPLACE INTO script_lines VALUES ('4074', '4075', NULL, '4', '16', '<em>Hm.</em>', 'lower', NULL, NULL, NULL, NULL, 'corridor');
REPLACE INTO script_lines VALUES ('4075', '4076', NULL, '4', '14', 'You\'ve tried them on before?', 'lower', NULL, NULL, NULL, NULL, 'corridor');
REPLACE INTO script_lines VALUES ('4076', '4077', NULL, '4', '18', 'Oh, yeah, sure. He\'s lent me a pair before.', 'upper', NULL, NULL, NULL, NULL, 'corridor');
REPLACE INTO script_lines VALUES ('4077', '4078', NULL, '4', '18', 'Got a few everywhere he goes, he can\'t stand his cold hands.', 'upper', NULL, NULL, '40004', NULL, 'corridor');
REPLACE INTO script_lines VALUES ('4078', '4079', NULL, '4', '18', 'Hey, it\'s getting late.', 'upper', NULL, NULL, NULL, NULL, 'corridor');
REPLACE INTO script_lines VALUES ('4079', '4080', NULL, '4', '18', 'I\'m going to bed, I\'ll talk more to you in the morning, eh?', 'upper', NULL, NULL, NULL, NULL, 'corridor');
REPLACE INTO script_lines VALUES ('4080', '4081', NULL, '4', '14', 'Sure, I\'ll see you around.', 'lower', NULL, NULL, NULL, NULL, 'corridor');
REPLACE INTO script_lines VALUES ('4081', '4082', NULL, '4', '16', '<em>He turned and walked down the corridor.</em>', 'lower', NULL, NULL, NULL, NULL, 'corridor');
REPLACE INTO script_lines VALUES ('4082', '4083', NULL, '4', '16', '<em>I went to report my findings to the Captain. I didn\'t really have any conclusions for him.</em>', 'lower', NULL, NULL, NULL, NULL, 'dark');
REPLACE INTO script_lines VALUES ('4083', '4084', NULL, '4', '16', '<em>He told me to get some rest, and to sleep on it.</em>', 'lower', NULL, NULL, NULL, NULL, 'dark');
REPLACE INTO script_lines VALUES ('4084', '4085', NULL, '4', '16', '<em>It didn\'t turn out that way..</em>', 'lower', NULL, NULL, NULL, NULL, 'dark');
REPLACE INTO script_lines VALUES ('4085', '4086', NULL, '4', '16', '<em>Chapter 4, Complete.</em>', 'lower', NULL, NULL, NULL, NULL, 'dark');
REPLACE INTO script_lines VALUES ('4086', '4087', NULL, '4', '14', 'Tulipov seems to be on Leila\'s side.', 'lower', NULL, NULL, NULL, NULL, 'dark');
REPLACE INTO script_lines VALUES ('4087', '5001', NULL, '4', '14', 'I didn\'t really learn much this time.', 'lower', NULL, NULL, NULL, NULL, 'dark');
REPLACE INTO script_lines VALUES ('4088', '4089', NULL, '4', '14', 'Ah. Alright.', 'lower', NULL, NULL, NULL, NULL, 'corridor');
REPLACE INTO script_lines VALUES ('4089', '4090', NULL, '4', '14', 'I\'m just asking, because I heard you were gone for some time.', 'lower', NULL, NULL, NULL, NULL, 'corridor');
REPLACE INTO script_lines VALUES ('4090', '4091', NULL, '4', '18', 'Ah, well, you know.', 'upper', NULL, NULL, NULL, NULL, 'corridor');
REPLACE INTO script_lines VALUES ('4091', '4092', NULL, '4', '18', 'Sometime the pipes are a little blocked.', 'upper', NULL, NULL, NULL, NULL, 'corridor');
REPLACE INTO script_lines VALUES ('4092', '4063', NULL, '4', '14', '<em>He gave me a little wink. I decided, prudently, to drop the conversation.</em>', 'lower', NULL, NULL, '40003', NULL, 'corridor');

REPLACE INTO script_lines VALUES ('3001', '3002', NULL, '3', '14', 'Something seemed not quite right. It took me a while to figure out what.', 'lower', NULL, NULL, NULL, NULL, 'office');
REPLACE INTO script_lines VALUES ('3002', '3003', NULL, '3', '14', 'At the end of the conversation with Leila. ', 'lower', NULL, NULL, NULL, NULL, 'corridor');
REPLACE INTO script_lines VALUES ('3003', '3004', NULL, '3', '14', 'She seemed to be suggesting something about Semyon and the old Madam&#8217;s inheritance. ', 'lower', NULL, NULL, NULL, NULL, 'corridor');
REPLACE INTO script_lines VALUES ('3004', '3005', NULL, '3', '14', 'I don\'t think she\'s filthy rich or anything, but I\'ve seen people kill each other for smaller things.', 'lower', NULL, NULL, NULL, NULL, 'corridor');
REPLACE INTO script_lines VALUES ('3005', '3007', NULL, '3', '14', ' That was what detective novels call &#8216;a motive&#8217;. And that might be significant.', 'lower', NULL, NULL, NULL, NULL, 'corridor');
REPLACE INTO script_lines VALUES ('3007', '3008', NULL, '3', '14', 'I went out onto the deck to clear my mind. And who should appear, having a quiet smoke by himself?', 'lower', NULL, NULL, NULL, NULL, 'corridor');
REPLACE INTO script_lines VALUES ('3008', '3009', NULL, '3', '14', 'Mr Lavisham?', 'lower', NULL, NULL, NULL, NULL, 'deck');
REPLACE INTO script_lines VALUES ('3009', '3010', NULL, '3', '19', 'It\'s you. From the dining room.', 'upper', NULL, NULL, NULL, NULL, 'deck');
REPLACE INTO script_lines VALUES ('3010', '3011', NULL, '3', '19', 'I didn\'t get a chance to thank you for your help just now.', 'upper', NULL, NULL, NULL, NULL, 'deck');
REPLACE INTO script_lines VALUES ('3011', '3012', NULL, '3', '14', '<em>We shook hands</em>', 'lower', NULL, NULL, NULL, NULL, 'deck');
REPLACE INTO script_lines VALUES ('3012', '3013', NULL, '3', '19', 'I am Semyon, the first son. Thank you for helping with her.', 'upper', NULL, NULL, NULL, NULL, 'deck');
REPLACE INTO script_lines VALUES ('3013', '3014', NULL, '3', '14', '<em>We stood there in silence. He seemed genuinely distraught, and I didn\'t want to disturb it. </em>', 'lower', NULL, NULL, NULL, NULL, 'deck');
REPLACE INTO script_lines VALUES ('3014', '3015', NULL, '3', '19', 'It\'s just that&#8230;the doctor said that everything was going to be alright.', 'upper', NULL, NULL, NULL, NULL, 'deck');
REPLACE INTO script_lines VALUES ('3015', '3016', NULL, '3', '19', 'We went on this cruise, you know, to celebrate the doctor\'s verdict.', 'upper', NULL, NULL, NULL, NULL, 'deck');
REPLACE INTO script_lines VALUES ('3016', '3017', NULL, '3', '19', 'She was hospitalised for a bit, it could\'ve been really serious.', 'upper', NULL, NULL, NULL, NULL, 'deck');
REPLACE INTO script_lines VALUES ('3017', '3018', NULL, '3', '19', 'But the doctor came out and said things were going to be okay once she\'d recovered.', 'upper', NULL, NULL, NULL, NULL, 'deck');
REPLACE INTO script_lines VALUES ('3018', '3019', NULL, '3', '19', 'She got better, so we thought we\'d take her on a cruise to celebrate.', 'upper', NULL, NULL, NULL, NULL, 'deck');
REPLACE INTO script_lines VALUES ('3019', '3020', NULL, '3', '14', '<em>He paused, swallowed.</em>', 'lower', NULL, NULL, NULL, NULL, 'deck');
REPLACE INTO script_lines VALUES ('3020', NULL, '66301', '3', '19', 'He said it would be all right, with the medication.', 'upper', NULL, NULL, NULL, NULL, 'deck');
REPLACE INTO script_lines VALUES ('3021', '3022', NULL, '3', '14', 'Who said?', 'lower', NULL, NULL, NULL, NULL, 'deck');
REPLACE INTO script_lines VALUES ('3022', '3027', NULL, '3', '19', 'The doctor, of course.', 'upper', NULL, NULL, NULL, NULL, 'deck');
REPLACE INTO script_lines VALUES ('3023', '3024', NULL, '3', '14', 'The medication?', 'lower', NULL, NULL, NULL, NULL, 'deck');
REPLACE INTO script_lines VALUES ('3024', '3025', NULL, '3', '19', 'Yeah.', 'upper', NULL, NULL, NULL, NULL, 'deck');
REPLACE INTO script_lines VALUES ('3025', '3026', NULL, '3', '19', 'My mother, she was healthy, but she had a couple of chronic ailments going on.', 'upper', NULL, NULL, NULL, NULL, 'deck');
REPLACE INTO script_lines VALUES ('3026', '3027', NULL, '3', '19', 'Too many for me to remember, too many to list.', 'upper', NULL, NULL, NULL, NULL, 'deck');
REPLACE INTO script_lines VALUES ('3027', '3028', NULL, '3', '14', 'And you hired Leila to help out with the medication, right?', 'lower', NULL, NULL, NULL, NULL, 'deck');
REPLACE INTO script_lines VALUES ('3028', '3029', NULL, '3', '19', 'Is that what Tulipov told you?', 'upper', NULL, NULL, NULL, NULL, 'deck');
REPLACE INTO script_lines VALUES ('3029', '3030', NULL, '3', '19', 'About a year ago, the doctors started her on a new course of medicines.', 'upper', NULL, NULL, NULL, NULL, 'deck');
REPLACE INTO script_lines VALUES ('3030', '3031', NULL, '3', '19', 'It\'s quite a lot to keep track of, I think there were almost fifteen different pills, each on different timing schedules.', 'upper', NULL, NULL, NULL, NULL, 'deck');
REPLACE INTO script_lines VALUES ('3031', '3032', NULL, '3', '19', 'Tulipov complained the last nurse was careless and asked too many questions, so he fired her.', 'upper', NULL, NULL, NULL, NULL, 'deck');
REPLACE INTO script_lines VALUES ('3032', NULL, '66302', '3', '19', 'He brought in Leila, who\'s supposed to be the sister of one of his friends.', 'upper', NULL, NULL, NULL, NULL, 'deck');
REPLACE INTO script_lines VALUES ('3033', '3034', NULL, '3', '14', 'He knew Leila before this?', 'lower', NULL, NULL, NULL, NULL, 'deck');
REPLACE INTO script_lines VALUES ('3034', '3035', NULL, '3', '19', 'He claimed not to, but they seemed to know each other fairly well.', 'upper', NULL, NULL, NULL, NULL, 'deck');
REPLACE INTO script_lines VALUES ('3035', '3036', NULL, '3', '19', 'She was apparently a nurse at a hospital before; don\'t know why she would leave that kind of a job to take care of an old lady.', 'upper', NULL, NULL, NULL, NULL, 'deck');
REPLACE INTO script_lines VALUES ('3036', '3037', NULL, '3', '19', 'We don\'t really pay her all that well, either.', 'upper', NULL, NULL, '30001', NULL, 'deck');
REPLACE INTO script_lines VALUES ('3037', '3045', NULL, '3', '19', 'But then I guess you get what you pay for; she seems to be pretty inexperienced at the job.', 'upper', NULL, NULL, NULL, NULL, 'deck');
REPLACE INTO script_lines VALUES ('3038', '3039', NULL, '3', '14', 'What do you think of her as a nurse?', 'lower', NULL, NULL, NULL, NULL, 'deck');
REPLACE INTO script_lines VALUES ('3039', '3040', NULL, '3', '19', 'For someone who worked at a hospital before, she seems to be pretty new to the job.', 'upper', NULL, NULL, NULL, NULL, 'deck');
REPLACE INTO script_lines VALUES ('3040', '3041', NULL, '3', '19', 'At first we thought she was just not used to dealing with an old lady. My mother can be a handful at the time.', 'upper', NULL, NULL, NULL, NULL, 'deck');
REPLACE INTO script_lines VALUES ('3041', '3042', NULL, '3', '19', 'But she would forget to bring enough medicine for the day, or run out of pills and forget to get new ones from the pharmacy.', 'upper', NULL, NULL, NULL, NULL, 'deck');
REPLACE INTO script_lines VALUES ('3042', '3043', NULL, '3', '19', 'It got so that I would carry around some extra medicine, just in case she forgot.', 'upper', NULL, NULL, NULL, NULL, 'deck');
REPLACE INTO script_lines VALUES ('3043', '3044', NULL, '3', '19', 'Just like today; she said she forgot to pack enough for the cruise, and came to ask me for them.', 'upper', NULL, NULL, NULL, NULL, 'deck');
REPLACE INTO script_lines VALUES ('3044', '3045', NULL, '3', '19', 'I even reminded her before the cruise. But I guess that\'s help these days.', 'upper', NULL, NULL, NULL, NULL, 'deck');
REPLACE INTO script_lines VALUES ('3045', '3046', NULL, '3', '19', 'She doesn\'t even have AED training. I mean, I know it\'s easy to use&#8230;', 'upper', NULL, NULL, NULL, NULL, 'deck');
REPLACE INTO script_lines VALUES ('3046', '3047', NULL, '3', '19', 'Do you have AED training, detective?', 'upper', NULL, NULL, NULL, NULL, 'deck');
REPLACE INTO script_lines VALUES ('3047', '3048', NULL, '3', '14', 'Uhh, actually, no. I took my CPR training a long time ago.', 'lower', NULL, NULL, NULL, NULL, 'deck');
REPLACE INTO script_lines VALUES ('3048', '3049', NULL, '3', '14', 'I think I know what it does, though, I saw it on an episode of House once.', 'lower', NULL, NULL, NULL, NULL, 'deck');
REPLACE INTO script_lines VALUES ('3049', '3050', NULL, '3', '19', 'Well, it\'s quite simple. And it does shout instructions when you\'re using it, so you won\'t get lost.', 'upper', NULL, NULL, NULL, NULL, 'deck');
REPLACE INTO script_lines VALUES ('3050', '3051', NULL, '3', '19', 'It\'s somewhat new technology, but you\'d expect a nurse to know how to use them.', 'upper', NULL, NULL, '30002', NULL, 'deck');
REPLACE INTO script_lines VALUES ('3051', '3052', NULL, '3', '14', 'And how do you know how to use them?', 'lower', NULL, NULL, NULL, NULL, 'deck');
REPLACE INTO script_lines VALUES ('3052', '3053', NULL, '3', '19', 'My mother\'s an old lady, Ace.', 'upper', NULL, NULL, NULL, NULL, 'deck');
REPLACE INTO script_lines VALUES ('3053', '3054', NULL, '3', '19', '&#8230;was an old lady.', 'upper', NULL, NULL, NULL, NULL, 'deck');
REPLACE INTO script_lines VALUES ('3054', '3055', NULL, '3', '19', 'I thought I\'d better get ready for anything.', 'upper', NULL, NULL, NULL, NULL, 'deck');
REPLACE INTO script_lines VALUES ('3055', '3056', NULL, '3', '19', 'I took CPR courses and learnt how to use AEDs, in case she got a heart attack.', 'upper', NULL, NULL, NULL, NULL, 'deck');
REPLACE INTO script_lines VALUES ('3056', '3057', NULL, '3', '19', 'Just so I could help.', 'upper', NULL, NULL, NULL, NULL, 'deck');
REPLACE INTO script_lines VALUES ('3057', '3058', NULL, '3', '19', 'It\'s too bad the AED went missing; we could\'ve saved her.', 'upper', NULL, NULL, NULL, NULL, 'deck');
REPLACE INTO script_lines VALUES ('3058', '3059', NULL, '3', '19', 'At least, we might\'ve been able to restart her heart.', 'upper', NULL, NULL, NULL, NULL, 'deck');
REPLACE INTO script_lines VALUES ('3059', '3060', NULL, '3', '16', '<em>He gave me an sad look, then shook his head and laughed.</em>', 'lower', NULL, NULL, NULL, NULL, 'deck');
REPLACE INTO script_lines VALUES ('3060', '3061', NULL, '3', '19', 'Tulipov wouldn\'t come with me to learn either.', 'upper', NULL, NULL, NULL, NULL, 'deck');
REPLACE INTO script_lines VALUES ('3061', '3062', NULL, '3', '19', 'I don\'t know. I - maybe I\'m in denial.', 'upper', NULL, NULL, NULL, NULL, 'deck');
REPLACE INTO script_lines VALUES ('3062', '3063', NULL, '3', '19', 'But maybe she might\'ve lasted long enough for the doctor to arrive.', 'upper', NULL, NULL, NULL, NULL, 'deck');
REPLACE INTO script_lines VALUES ('3063', '3064', NULL, '3', '14', '<em>He stopped talking for a bit.</em>', 'lower', NULL, NULL, NULL, NULL, 'deck');
REPLACE INTO script_lines VALUES ('3064', '3065', NULL, '3', '14', '<em>There wasn\'t much I could say.</em>', 'lower', NULL, NULL, NULL, NULL, 'deck');
REPLACE INTO script_lines VALUES ('3065', '3066', NULL, '3', '14', '<em>But at this time I had a good feeling that something was wrong..</em>', 'lower', NULL, NULL, NULL, NULL, 'deck');
REPLACE INTO script_lines VALUES ('3066', '3067', NULL, '3', '14', 'Semyon, I\'m sorry to bring up the memory again.', 'lower', NULL, NULL, NULL, NULL, 'deck');
REPLACE INTO script_lines VALUES ('3067', '3068', NULL, '3', '14', 'But can you describe to me the sequence of events at dinner?', 'lower', NULL, NULL, NULL, NULL, 'deck');
REPLACE INTO script_lines VALUES ('3068', '3069', NULL, '3', '19', 'We sat down to eat. Mother had a bit of banter with the waiters.', 'upper', NULL, NULL, NULL, NULL, 'deck');
REPLACE INTO script_lines VALUES ('3069', '3070', NULL, '3', '19', 'I went to find the matre\'d to get tea for my mother.', 'upper', NULL, NULL, NULL, NULL, 'deck');
REPLACE INTO script_lines VALUES ('3070', '3071', NULL, '3', '19', 'She likes to take her medicine with tea after meals.', 'upper', NULL, NULL, NULL, NULL, 'deck');
REPLACE INTO script_lines VALUES ('3071', '3072', NULL, '3', '19', 'When I got back Tulipov was missing. Leila said he went to the toilet but he took half an hour.', 'upper', NULL, NULL, NULL, NULL, 'deck');
REPLACE INTO script_lines VALUES ('3072', '3073', NULL, '3', '19', 'Might\'ve been the seafood.', 'upper', NULL, NULL, NULL, NULL, 'deck');
REPLACE INTO script_lines VALUES ('3073', '3074', NULL, '3', '19', 'And then right after the soup, Mother-', 'upper', NULL, NULL, NULL, NULL, 'deck');
REPLACE INTO script_lines VALUES ('3074', '3075', NULL, '3', '19', 'Well, you know what happened.', 'upper', NULL, NULL, NULL, NULL, 'deck');
REPLACE INTO script_lines VALUES ('3075', '3076', NULL, '3', '14', 'I do.', 'lower', NULL, NULL, NULL, NULL, 'deck');
REPLACE INTO script_lines VALUES ('3076', '3077', NULL, '3', '14', 'Thanks for the chat, Semyon. I think I understand things a little better now.', 'lower', NULL, NULL, NULL, NULL, 'deck');
REPLACE INTO script_lines VALUES ('3077', '3078', NULL, '3', '19', 'No problem. Thanks for the help.', 'upper', NULL, NULL, NULL, NULL, 'deck');
REPLACE INTO script_lines VALUES ('3078', '3079', NULL, '3', '19', 'Say, did you see a pair of gloves on the table? Did Leila say anything about them?', 'upper', NULL, NULL, NULL, NULL, 'deck');
REPLACE INTO script_lines VALUES ('3079', '3080', NULL, '3', '14', 'Gloves? Like the ones you\'re wearing', 'lower', NULL, NULL, NULL, NULL, 'deck');
REPLACE INTO script_lines VALUES ('3080', '3081', NULL, '3', '19', 'No, these are my other pair. My hands get cold pretty easily, and I was wearing them before dinner.', 'upper', NULL, NULL, NULL, NULL, 'deck');
REPLACE INTO script_lines VALUES ('3081', '3082', NULL, '3', '19', 'I took them off for dinner but when I went back to look they weren\'t there any more.', 'upper', NULL, NULL, NULL, NULL, 'deck');
REPLACE INTO script_lines VALUES ('3082', '3083', NULL, '3', '19', 'Might be a waiter cleared them away. It\'s okay, I\'ll go back to the restaurant later.', 'upper', NULL, NULL, NULL, NULL, 'deck');
REPLACE INTO script_lines VALUES ('3083', '3084', NULL, '3', '19', 'Nice to speak to you.', 'upper', NULL, NULL, NULL, NULL, 'deck');
REPLACE INTO script_lines VALUES ('3084', '3085', NULL, '3', '16', '<em>He walked off distractedly, leaving me alone with my thoughts.</em>', 'lower', NULL, NULL, NULL, NULL, 'deck');
REPLACE INTO script_lines VALUES ('3085', '3086', NULL, '3', '14', 'I\'m not sure what I wanted to know.', 'lower', NULL, NULL, NULL, NULL, 'dark');
REPLACE INTO script_lines VALUES ('3086', '3087', NULL, '3', '14', 'But he didn\'t seem like the sort to poison his own mother.', 'lower', NULL, NULL, NULL, NULL, 'dark');
REPLACE INTO script_lines VALUES ('3087', '3088', NULL, '3', '14', 'He does seem to know exactly how vulnerable his mother is&#8230;.', 'lower', NULL, NULL, NULL, NULL, 'dark');
REPLACE INTO script_lines VALUES ('3088', '3089', NULL, '3', '14', 'He told me where to find the AED.', 'lower', NULL, NULL, NULL, NULL, 'dark');
REPLACE INTO script_lines VALUES ('3089', '3090', NULL, '3', '14', 'Then again, he might\'ve just been paying attention for his mother.', 'lower', NULL, NULL, NULL, NULL, 'dark');
REPLACE INTO script_lines VALUES ('3090', '3091', NULL, '3', '14', 'Leila and Semyon seem to be on bad terms.', 'lower', NULL, NULL, NULL, NULL, 'dark');
REPLACE INTO script_lines VALUES ('3091', '3092', NULL, '3', '14', 'I think I should go talk to Tulipov.', 'lower', NULL, NULL, NULL, NULL, 'dark');
REPLACE INTO script_lines VALUES ('3092', '3097', NULL, '3', '16', '<em>Clue received!</em>', 'lower', NULL, NULL, '30003', NULL, 'dark');
REPLACE INTO script_lines VALUES ('3093', '3094', NULL, '3', '16', '<em>AED: Automated External Defibrillator.</em>', 'lower', NULL, NULL, NULL, NULL, 'dark');
REPLACE INTO script_lines VALUES ('3094', '3095', NULL, '3', '16', '<em>Useful to resuscitate patients having cardiac arrests.</em>', 'lower', NULL, NULL, NULL, NULL, 'dark');
REPLACE INTO script_lines VALUES ('3095', '3096', NULL, '3', '16', '<em>Semyon is the only one with training; Tulipov and Leila don\'t.</em>', 'lower', NULL, NULL, NULL, NULL, 'dark');
REPLACE INTO script_lines VALUES ('3096', '3097', NULL, '3', '16', '<em>Semyon paid quite close attention to where it could be.</em>', 'lower', NULL, NULL, NULL, NULL, 'dark');
REPLACE INTO script_lines VALUES ('3097', '3098', NULL, '3', '16', '<em>Chapter 3, Complete.</em>', 'lower', NULL, NULL, NULL, NULL, 'dark');
REPLACE INTO script_lines VALUES ('3098', '3099', NULL, '3', '16', '<em>Wow. This detective stuff is kinda tiring. Lucky I take notes; I might forget something important.</em>', 'lower', NULL, NULL, NULL, NULL, 'dark');
REPLACE INTO script_lines VALUES ('3099', '3100', NULL, '3', '16', '<em>So I\'m right about Leila. Seems like I\'m not the only one who thinks she\'s a bit inconsistent.</em>', 'lower', NULL, NULL, NULL, NULL, 'dark');
REPLACE INTO script_lines VALUES ('3100', '3101', NULL, '3', '16', '<em>Semyon doesn\'t seem the sort to kill his own mother for the inheritance.</em>', 'lower', NULL, NULL, NULL, NULL, 'dark');
REPLACE INTO script_lines VALUES ('3101', '3102', NULL, '3', '16', '<em>Then again, if I were a killer, I would be prepared to put on an act for the detective.</em>', 'lower', NULL, NULL, NULL, NULL, 'dark');
REPLACE INTO script_lines VALUES ('3102', '3103', NULL, '3', '16', '<em>But it\'s so obvious that he\'d be the prime suspect. Unless he was being framed?</em>', 'lower', NULL, NULL, NULL, NULL, 'dark');
REPLACE INTO script_lines VALUES ('3103', '3104', NULL, '3', '16', '<em>&#8230;</em>', 'lower', NULL, NULL, NULL, NULL, 'dark');
REPLACE INTO script_lines VALUES ('3104', '3105', NULL, '3', '16', '<em>This is becoming ridiculously melodramatic.</em>', 'lower', NULL, NULL, '30004', NULL, 'dark');
REPLACE INTO script_lines VALUES ('3105', '4001', NULL, '3', '16', '<em>At this rate even Semyon\'s bloody gloves might become a crucial clue.</em>', 'lower', NULL, NULL, NULL, NULL, 'dark');

REPLACE INTO script_lines VALUES ('2001', '2002', NULL, '2', '14', 'The old lady looks like she might\'ve died of a stroke, possibly a heart attack.', 'lower', NULL, NULL, NULL, NULL, 'dark');
REPLACE INTO script_lines VALUES ('2002', '2003', NULL, '2', '14', 'At her advanced age, it is possible that it might have been natural causes.', 'lower', NULL, NULL, NULL, NULL, 'dark');
REPLACE INTO script_lines VALUES ('2003', '2005', NULL, '2', '14', 'But just to be sure, I sat down to try to calm the maid down. We borrowed an office from the crew.', 'lower', NULL, NULL, NULL, NULL, 'dark');
REPLACE INTO script_lines VALUES ('2005', '2006', NULL, '2', '14', 'Thank you for calming down, Ms. Fonsey.', 'lower', NULL, NULL, NULL, 'Adefault', 'office');
REPLACE INTO script_lines VALUES ('2006', '2007', NULL, '2', '15', 'Leila. Call me Leila.', 'upper', NULL, NULL, NULL, 'Lsad', 'office');
REPLACE INTO script_lines VALUES ('2007', '2008', NULL, '2', '14', 'I\'m sorry for your loss, Leila. She must have been close to you.', 'lower', NULL, NULL, NULL, NULL, 'office');
REPLACE INTO script_lines VALUES ('2008', '2009', NULL, '2', '15', 'Y-Yes.', 'upper', NULL, NULL, NULL, NULL, 'office');
REPLACE INTO script_lines VALUES ('2009', '2010', NULL, '2', '15', 'I\'ve only been in the family for about a year&#8230;', 'upper', NULL, NULL, NULL, NULL, 'office');
REPLACE INTO script_lines VALUES ('2010', '2011', NULL, '2', '15', 'And I\'m only a Personal Caregiving Assistant. But they\'ve been kind to me.', 'upper', NULL, NULL, NULL, NULL, 'office');
REPLACE INTO script_lines VALUES ('2011', '2012', NULL, '2', '14', 'A year ago, huh. Perhaps you can tell me why you were hired, Ms. Fonsey', 'lower', NULL, NULL, NULL, NULL, 'office');
REPLACE INTO script_lines VALUES ('2012', '2013', NULL, '2', '15', 'They brought me in to help with Madam.', 'upper', NULL, NULL, NULL, NULL, 'office');
REPLACE INTO script_lines VALUES ('2013', '2014', NULL, '2', '15', 'They needed somebody to care for her, after she had complications with her illness', 'upper', NULL, NULL, NULL, NULL, 'office');
REPLACE INTO script_lines VALUES ('2014', NULL, '66201', '2', '15', 'Semyon hired me to keep an eye on her, and to remind her to take her medicine.', 'upper', NULL, NULL, NULL, NULL, 'office');
REPLACE INTO script_lines VALUES ('2015', '2016', NULL, '2', '14', 'He hired you just to help her take her medicine?', 'lower', NULL, NULL, NULL, NULL, 'office');
REPLACE INTO script_lines VALUES ('2016', '2017', NULL, '2', '15', 'It is not so simple. Madam has many ailments; she is old, and sometimes forgetful.', 'upper', NULL, NULL, NULL, NULL, 'office');
REPLACE INTO script_lines VALUES ('2017', '2018', NULL, '2', '15', 'Madam cannot afford to miss taking her medicine.', 'upper', NULL, NULL, NULL, NULL, 'office');
REPLACE INTO script_lines VALUES ('2018', '2025', NULL, '2', '15', 'There are many medicines to take, and they can be easily confused.', 'upper', NULL, NULL, NULL, NULL, 'office');
REPLACE INTO script_lines VALUES ('2020', '2021', NULL, '2', '14', 'Tell me about these medicines', 'lower', NULL, NULL, NULL, NULL, 'office');
REPLACE INTO script_lines VALUES ('2021', '2022', NULL, '2', '15', 'Madam is old, and has many ailments. She is sometimes forgetful.', 'upper', NULL, NULL, NULL, NULL, 'office');
REPLACE INTO script_lines VALUES ('2022', '2023', NULL, '2', '15', 'It is important; Madam cannot afford to miss taking her medicine.', 'upper', NULL, NULL, NULL, NULL, 'office');
REPLACE INTO script_lines VALUES ('2023', '2025', NULL, '2', '15', 'There are many medicines to take, and they can be easily confused.', 'upper', NULL, NULL, NULL, NULL, 'office');
REPLACE INTO script_lines VALUES ('2025', '2026', NULL, '2', '14', 'And what would happen if they were confused, Miss Fonsey?', 'lower', NULL, NULL, NULL, NULL, 'office');
REPLACE INTO script_lines VALUES ('2026', '2027', NULL, '2', '15', '&#8230;', 'upper', NULL, NULL, NULL, NULL, 'office');
REPLACE INTO script_lines VALUES ('2027', '2028', NULL, '2', '15', 'It would be dangerous.', 'upper', NULL, NULL, NULL, NULL, 'office');
REPLACE INTO script_lines VALUES ('2028', NULL, '66202', '2', '14', '<em>I let it hang in the air for a moment</em>', 'lower', NULL, NULL, NULL, NULL, 'office');
REPLACE INTO script_lines VALUES ('2029', '2030', NULL, '2', '14', 'Could you have confused the medicine, Leila?', 'lower', NULL, NULL, NULL, NULL, 'office');
REPLACE INTO script_lines VALUES ('2030', '2031', NULL, '2', '14', '<em>She looked shocked and angry for a moment.</em>', 'lower', NULL, NULL, NULL, NULL, 'office');
REPLACE INTO script_lines VALUES ('2031', '2036', NULL, '2', '15', 'No, of course not. I have a system', 'upper', NULL, NULL, NULL, NULL, 'office');
REPLACE INTO script_lines VALUES ('2033', '2034', NULL, '2', '14', 'I see. And how do you keep from being confused, Leila?', 'lower', NULL, NULL, NULL, NULL, 'office');
REPLACE INTO script_lines VALUES ('2034', '2036', NULL, '2', '15', 'That is very easy.', 'upper', NULL, NULL, NULL, NULL, 'office');
REPLACE INTO script_lines VALUES ('2036', '2037', NULL, '2', '15', 'I have a logbook. I keep it with me in my bag, along with Madam\'s medicine.', 'upper', NULL, NULL, NULL, NULL, 'office');
REPLACE INTO script_lines VALUES ('2037', '2039', NULL, '2', '15', 'It is very precise. I always take note of when I give Madam her medicine.', 'upper', NULL, NULL, NULL, NULL, 'office');
REPLACE INTO script_lines VALUES ('2039', '2040', NULL, '2', '14', 'May I have it?', 'lower', NULL, NULL, NULL, NULL, 'office');
REPLACE INTO script_lines VALUES ('2040', '2041', NULL, '2', '16', '<em>She rustled about in her tote bag, and produced a leather-bound volume.</em>', 'lower', NULL, NULL, '20001', NULL, 'office');
REPLACE INTO script_lines VALUES ('2041', '2042', NULL, '2', '16', '<em>I examined it. It looked pretty well-kept.</em>', 'lower', NULL, NULL, NULL, NULL, 'office');
REPLACE INTO script_lines VALUES ('2042', '2043', NULL, '2', '16', '<em>She even notes down how many pills are left.</em>', 'lower', NULL, NULL, NULL, NULL, 'office');
REPLACE INTO script_lines VALUES ('2043', '2045', NULL, '2', '16', '<em>The last entry was made at lunchtime. Hrmm&#8230;</em>', 'lower', NULL, NULL, '20002', NULL, 'office');
REPLACE INTO script_lines VALUES ('2045', '2046', NULL, '2', '14', '\"Blue pill\'? \"Red and white capsule\"?', 'lower', NULL, NULL, NULL, NULL, 'office');
REPLACE INTO script_lines VALUES ('2046', '2047', NULL, '2', '15', 'It\'s easier to keep track of them this way.', 'upper', NULL, NULL, NULL, NULL, 'office');
REPLACE INTO script_lines VALUES ('2047', '2048', NULL, '2', '15', 'The names are fairly complicated, and easily confusable. I want to be precise.', 'upper', NULL, NULL, NULL, NULL, 'office');
REPLACE INTO script_lines VALUES ('2048', '2049', NULL, '2', '14', 'Okay. And it says here you ran out of a couple of these pills at lunchtime?', 'lower', NULL, NULL, NULL, NULL, 'office');
REPLACE INTO script_lines VALUES ('2049', NULL, '66203', '2', '15', 'Yes. Luckily, Semyon brought along extra medicine, enough for a week.', 'upper', NULL, NULL, NULL, NULL, 'office');
REPLACE INTO script_lines VALUES ('2051', '2052', NULL, '2', '15', 'Something seems a little off&#8230;', 'upper', NULL, NULL, NULL, NULL, 'office');
REPLACE INTO script_lines VALUES ('2052', '2053', NULL, '2', '14', 'It seems a little careless of you, to run out of pills in the middle of the cruise.', 'lower', NULL, NULL, NULL, NULL, 'office');
REPLACE INTO script_lines VALUES ('2053', '2054', NULL, '2', '14', 'Did you not prepare enough for the duration of the cruise?', 'lower', NULL, NULL, NULL, NULL, 'office');
REPLACE INTO script_lines VALUES ('2054', '2055', NULL, '2', '14', '<em>She froze for a moment.</em>', 'lower', NULL, NULL, NULL, NULL, 'office');
REPLACE INTO script_lines VALUES ('2055', '2056', NULL, '2', '15', 'I- yes. It was quite lucky.', 'upper', NULL, NULL, NULL, NULL, 'office');
REPLACE INTO script_lines VALUES ('2056', '2057', NULL, '2', '15', 'Semyon gave me a scolding when I approached him', 'upper', NULL, NULL, NULL, NULL, 'office');
REPLACE INTO script_lines VALUES ('2057', '2060', NULL, '2', '14', 'A nurse who doesn\'t know drug names&#8230;and can\'t count properly.', 'lower', NULL, NULL, '20003', NULL, 'office');
REPLACE INTO script_lines VALUES ('2059', '2060', NULL, '2', '14', 'Everything seems to be in order', 'lower', NULL, NULL, NULL, NULL, 'office');
REPLACE INTO script_lines VALUES ('2060', '2061', NULL, '2', '14', 'Oh, hang on a moment', 'lower', NULL, NULL, NULL, NULL, 'office');
REPLACE INTO script_lines VALUES ('2061', '2062', NULL, '2', '14', 'You don\'t seem to have recorded the entry for dinner today.', 'lower', NULL, NULL, NULL, NULL, 'office');
REPLACE INTO script_lines VALUES ('2062', '2063', NULL, '2', '15', '&#8230;', 'upper', NULL, NULL, NULL, NULL, 'office');
REPLACE INTO script_lines VALUES ('2063', '2064', NULL, '2', '15', 'Madam usually had her medicine after dinner.', 'upper', NULL, NULL, NULL, NULL, 'office');
REPLACE INTO script_lines VALUES ('2064', '2065', NULL, '2', '15', 'She complained of the bitter taste, so she would usually wash it down with hot tea.', 'upper', NULL, NULL, NULL, NULL, 'office');
REPLACE INTO script_lines VALUES ('2065', '2066', NULL, '2', '14', 'I see.', 'lower', NULL, NULL, NULL, NULL, 'office');
REPLACE INTO script_lines VALUES ('2066', '2067', NULL, '2', '14', 'Well, I think I\'ve asked enough questions. Thank you v-', 'lower', NULL, NULL, NULL, NULL, 'office');
REPLACE INTO script_lines VALUES ('2067', '2068', NULL, '2', '15', 'Detective.', 'upper', NULL, NULL, NULL, NULL, 'office');
REPLACE INTO script_lines VALUES ('2068', '2069', NULL, '2', '15', 'I have something to say.', 'upper', NULL, NULL, NULL, NULL, 'office');
REPLACE INTO script_lines VALUES ('2069', '2070', NULL, '2', '14', '<em>What\'s this?</em>', 'lower', NULL, NULL, NULL, NULL, 'office');
REPLACE INTO script_lines VALUES ('2070', '2071', NULL, '2', '14', 'Go on.', 'lower', NULL, NULL, NULL, NULL, 'office');
REPLACE INTO script_lines VALUES ('2071', '2072', NULL, '2', '15', 'I don\'t like to say it, but&#8230;', 'upper', NULL, NULL, NULL, NULL, 'office');
REPLACE INTO script_lines VALUES ('2072', '2073', NULL, '2', '15', 'Madam was like a mother to me.', 'upper', NULL, NULL, NULL, NULL, 'office');
REPLACE INTO script_lines VALUES ('2073', '2074', NULL, '2', '15', 'She owned some houses, and some money.', 'upper', NULL, NULL, NULL, NULL, 'office');
REPLACE INTO script_lines VALUES ('2074', '2075', NULL, '2', '15', 'But lately she had been arguing with Semyon, who wanted to take the money to start his own business.', 'upper', NULL, NULL, NULL, NULL, 'office');
REPLACE INTO script_lines VALUES ('2075', '2076', NULL, '2', '14', 'What are you saying, Leila?', 'lower', NULL, NULL, NULL, NULL, 'office');
REPLACE INTO script_lines VALUES ('2076', '2077', NULL, '2', '15', '&#8230;nothing.', 'upper', NULL, NULL, NULL, NULL, 'office');
REPLACE INTO script_lines VALUES ('2077', '2078', NULL, '2', '15', 'Thank you, detective.', 'upper', NULL, NULL, NULL, NULL, 'office');
REPLACE INTO script_lines VALUES ('2078', '2079', NULL, '2', '14', '<em>She wouldn\'t say any more after that. Before she left, she gave me a look.</em>', 'lower', NULL, NULL, NULL, NULL, 'office');
REPLACE INTO script_lines VALUES ('2079', '2080', NULL, '2', '14', '<em>Something about this is making me extremely uneasy....</em>', 'lower', NULL, NULL, NULL, NULL, 'office');
REPLACE INTO script_lines VALUES ('2080', '2081', NULL, '2', '16', '<em>Chapter 2, Complete.</em>', 'lower', NULL, NULL, NULL, NULL, 'dark');
REPLACE INTO script_lines VALUES ('2081', '2082', NULL, '2', '14', 'Okay. What do we know?', 'lower', NULL, NULL, NULL, NULL, 'dark');
REPLACE INTO script_lines VALUES ('2082', '2083', NULL, '2', '14', 'Madam took a cocktail of drugs, for all her ailments at that advanced age. Leila was hired to take care of the drugs.', 'lower', NULL, NULL, NULL, NULL, 'dark');
REPLACE INTO script_lines VALUES ('2083', '2084', NULL, '2', '14', 'Although, hrmm, it seems a little strange that Semyon might carry extra drugs around. I\'ll have to ask him about that.', 'lower', NULL, NULL, NULL, NULL, 'dark');
REPLACE INTO script_lines VALUES ('2084', '2085', NULL, '2', '14', 'Then again, if Leila is this forgetful, I think he\'d have to, just in case.', 'lower', NULL, NULL, NULL, NULL, 'dark');
REPLACE INTO script_lines VALUES ('2085', '2086', NULL, '2', '14', 'For someone whos main job is to make sure the old lady takes her pills on time, it\'s a pretty big oversight', 'lower', NULL, NULL, NULL, NULL, 'dark');
REPLACE INTO script_lines VALUES ('2086', '2087', NULL, '2', '14', 'And the red pill/blue pill business. That seems a little unprofessional for a nurse.', 'lower', NULL, NULL, NULL, NULL, 'dark');
REPLACE INTO script_lines VALUES ('2087', '3001', NULL, '2', '14', 'I\'m beginning to doubt if that notebook, and the stuff about the dosage, is reliable at all&#8230;.', 'lower', NULL, NULL, NULL, NULL, 'dark');

REPLACE INTO script_lines VALUES ('1001', '1002', NULL, '1', '16', '<em>People lie. I try not to forget that.</em>', 'lower', NULL, NULL, NULL, NULL, 'dark');
REPLACE INTO script_lines VALUES ('1002', '1003', NULL, '1', '14', 'I\'m on a boat!', 'lower', NULL, NULL, NULL, 'Asmile', 'deck');
REPLACE INTO script_lines VALUES ('1003', '1004', NULL, '1', '16', '<em>It was supposed to be a vacation. A nice little cruise down the river; sun-tan in the morning, buffet dinners at night.</em>', 'lower', NULL, NULL, NULL, NULL, 'deck');
REPLACE INTO script_lines VALUES ('1004', '1005', NULL, '1', '16', '<em>And then an old lady dies &#8211; apparently, she had a stroke.</em>', 'lower', NULL, NULL, NULL, NULL, 'deck');
REPLACE INTO script_lines VALUES ('1005', '1006', NULL, '1', '16', '<em>Apparently.</em>', 'lower', NULL, NULL, NULL, NULL, 'deck');
REPLACE INTO script_lines VALUES ('1006', '1007', NULL, '1', '16', '<em>And then in the middle of the night, her maid tells me a story that leaves me with more questions than answers&#8230;</em>', 'lower', NULL, NULL, NULL, NULL, 'corridor');
REPLACE INTO script_lines VALUES ('1007', '1008', NULL, '1', '16', '<em>So now, I\'m on the case.</em>', 'lower', NULL, NULL, NULL, NULL, 'corridor');
REPLACE INTO script_lines VALUES ('1008', '1009', NULL, '1', '16', '<em>Unofficially, too, which means I have no real powers.</em>', 'lower', NULL, NULL, NULL, NULL, 'corridor');
REPLACE INTO script_lines VALUES ('1009', '1010', NULL, '1', '16', '<em>Everything, you can tell, was going well.</em>', 'lower', NULL, NULL, NULL, NULL, 'corridor');
REPLACE INTO script_lines VALUES ('1010', '1011', NULL, '1', '16', '<em>I\'ve got to figure out what happened before everybody gets off the boat, and out of my jurisdiction.</em>', 'lower', NULL, NULL, NULL, NULL, 'dark');
REPLACE INTO script_lines VALUES ('1011', '1012', NULL, '1', '16', '<em>It smells like a set up. It smells like liars.</em>', 'lower', NULL, NULL, NULL, NULL, 'dark');
REPLACE INTO script_lines VALUES ('1012', '1013', NULL, '1', '16', '<em>This was supposed to be my vacation!</em>', 'lower', NULL, NULL, NULL, NULL, 'dark');
REPLACE INTO script_lines VALUES ('1013', '1014', NULL, '1', '16', '<em>I was just having dinner, trying to enjoy it.</em>', 'lower', NULL, NULL, NULL, NULL, 'dining');
REPLACE INTO script_lines VALUES ('1014', '1015', NULL, '1', '16', '<em>When suddenly, there came a scream.</em>', 'lower', NULL, NULL, NULL, NULL, 'dining');
REPLACE INTO script_lines VALUES ('1015', NULL, '66001', '1', '16', '<em>I looked up to see an old lady on the floor, and a family trying to revive her.</em>', 'lower', NULL, NULL, NULL, NULL, 'dining');
REPLACE INTO script_lines VALUES ('1017', '1021', NULL, '1', '16', '<em>I ran over to take a closer look.</em>', 'lower', NULL, NULL, NULL, NULL, 'dining');
REPLACE INTO script_lines VALUES ('1019', '1020', NULL, '1', '14', 'HELP!', 'lower', NULL, NULL, NULL, NULL, 'dining');
REPLACE INTO script_lines VALUES ('1020', '1021', NULL, '1', '14', 'I went over to take a look myself.', 'lower', NULL, NULL, NULL, NULL, 'dining');
REPLACE INTO script_lines VALUES ('1021', '1022', NULL, '1', '16', '<em>She was not moving. I pushed the family away.</em>', 'lower', NULL, NULL, NULL, NULL, 'dining');
REPLACE INTO script_lines VALUES ('1022', NULL, '66002', '1', '14', 'Out of the way! I\'m trained in first aid!', 'lower', NULL, NULL, NULL, NULL, 'dining');
REPLACE INTO script_lines VALUES ('1024', '1025', NULL, '1', '18', 'How is she? Is she okay?', 'upper', NULL, NULL, NULL, NULL, 'dining');
REPLACE INTO script_lines VALUES ('1025', '1926', NULL, '1', '14', 'She\'s frothing at the mouth!', 'lower', NULL, NULL, NULL, NULL, 'dining');
REPLACE INTO script_lines VALUES ('1926', '1026', NULL, '1', '15', 'Oh my god, oh my god! Help~!', 'upper', NULL, NULL, NULL, NULL, 'dining');
REPLACE INTO script_lines VALUES ('1026', '1030', NULL, '1', '14', 'No obstruction in her throat; she\'s not choking.', 'lower', NULL, NULL, NULL, NULL, 'dining');
REPLACE INTO script_lines VALUES ('1028', '1929', NULL, '1', '18', 'How is she? Is she okay?', 'upper', NULL, NULL, NULL, NULL, 'dining');
REPLACE INTO script_lines VALUES ('1929', '1029', NULL, '1', '15', 'Oh my god, oh my god! Help~!', 'upper', NULL, NULL, NULL, NULL, 'dining');
REPLACE INTO script_lines VALUES ('1029', '1030', NULL, '1', '14', 'She\'s not breathing! Give her some room!', 'lower', NULL, NULL, NULL, NULL, 'dining');
REPLACE INTO script_lines VALUES ('1030', '1031', NULL, '1', '14', 'Okay.', 'lower', NULL, NULL, NULL, NULL, 'dining');
REPLACE INTO script_lines VALUES ('1031', NULL, '66003', '1', '14', 'I think she might be having a heart attack or a stroke or something...', 'lower', NULL, NULL, NULL, NULL, 'dining');
REPLACE INTO script_lines VALUES ('1033', '1034', NULL, '1', '14', 'I\'m performing CPR, give me some room.', 'lower', NULL, NULL, NULL, NULL, 'dining');
REPLACE INTO script_lines VALUES ('1034', '1935', NULL, '1', '19', 'I\'ll go get help! I think I saw an AED outside...', 'upper', NULL, NULL, NULL, NULL, 'dining');
REPLACE INTO script_lines VALUES ('1935', '1936', NULL, '1', '14', 'What?', 'lower', NULL, NULL, NULL, NULL, 'dining');
REPLACE INTO script_lines VALUES ('1936', '1937', NULL, '1', '19', 'Automatic External Defibrillator - It\'ll restart her heart if it&#8217;s a heart attack.', 'upper', NULL, NULL, NULL, NULL, 'dining');
REPLACE INTO script_lines VALUES ('1937', '1035', NULL, '1', '16', '<em>Hey, I think I saw it on House once.</em>', 'lower', NULL, NULL, NULL, NULL, 'dining');
REPLACE INTO script_lines VALUES ('1035', '1053', NULL, '1', '14', 'Okay, whatever, go get it!', 'lower', NULL, NULL, NULL, NULL, 'dining');
REPLACE INTO script_lines VALUES ('1037', '1038', NULL, '1', '14', 'I think I saw something that could be useful now...', 'lower', NULL, NULL, NULL, NULL, 'dining');
REPLACE INTO script_lines VALUES ('1038', NULL, '66007', '1', '14', 'A <b>green</b> first aid box or something. But I don\'t remember ...?', 'lower', NULL, NULL, NULL, NULL, 'dining');
REPLACE INTO script_lines VALUES ('1040', '1041', NULL, '1', '14', 'There\'s nothing here!', 'lower', NULL, NULL, NULL, NULL, 'corridor');
REPLACE INTO script_lines VALUES ('1041', '1048', NULL, '1', '14', 'Looks like I\'m wrong. Better get back to the dining room...', 'lower', NULL, NULL, NULL, NULL, 'corridor');
REPLACE INTO script_lines VALUES ('1044', '1045', NULL, '1', '14', 'Where is it, I think I saw it...', 'lower', NULL, NULL, NULL, NULL, 'deck');
REPLACE INTO script_lines VALUES ('1045', '1046', NULL, '1', '14', 'There! That green box!', 'lower', NULL, NULL, NULL, NULL, 'deck');
REPLACE INTO script_lines VALUES ('1046', '1947', NULL, '1', '14', '\"Automatic External Defibrillator\" - yes, that\'s it! ', 'lower', NULL, NULL, NULL, NULL, 'deck');
REPLACE INTO script_lines VALUES ('1947', '1047', NULL, '1', '14', 'I think I saw this on House once, he used it to save somebody-', 'lower', NULL, NULL, NULL, NULL, 'deck');
REPLACE INTO script_lines VALUES ('1047', '1077', NULL, '1', '14', 'Wait a minute, the cupboard doors are open but there\'s nothing inside. It\'s empty!?', 'lower', NULL, NULL, NULL, NULL, 'deck');
REPLACE INTO script_lines VALUES ('1048', '1049', NULL, '1', '14', 'Dammit! Back to the restaurant!', 'lower', NULL, NULL, NULL, NULL, 'deck');
REPLACE INTO script_lines VALUES ('1049', '1050', NULL, '1', '14', 'How is she?!', 'lower', NULL, NULL, NULL, NULL, 'dining');
REPLACE INTO script_lines VALUES ('1050', '1053', NULL, '1', '18', 'I don\'t know! I don\'t know...', 'upper', NULL, NULL, NULL, NULL, 'dining');
REPLACE INTO script_lines VALUES ('1051', '1052', NULL, '1', '14', 'Stand aside, I know CPR!', 'lower', NULL, NULL, NULL, NULL, 'dining');
REPLACE INTO script_lines VALUES ('1053', '1054', NULL, '1', '14', '(Breathe. Breathe. Breathe).', 'lower', NULL, NULL, NULL, NULL, 'dining');
REPLACE INTO script_lines VALUES ('1054', NULL, '66006', '1', '14', '(gasp) Eurgh, her breath smells like onion soup!', 'lower', NULL, NULL, NULL, NULL, 'dining');
REPLACE INTO script_lines VALUES ('1056', '1057', NULL, '1', '19', 'The AED is gone! Somebody stole it!', 'upper', NULL, NULL, NULL, NULL, 'dining');
REPLACE INTO script_lines VALUES ('1057', '1058', NULL, '1', '16', '<em>At this point, the doctor on board stepped in.</em>', 'lower', NULL, NULL, NULL, NULL, 'dining');
REPLACE INTO script_lines VALUES ('1058', '1059', NULL, '1', '16', '<em>But I could see from his expression it was too late to save her.</em>', 'lower', NULL, NULL, NULL, NULL, 'dining');
REPLACE INTO script_lines VALUES ('1059', '1060', NULL, '1', '16', '<em>I looked up at her fellow diners around me, staring with various expressions of shock and horror.</em>', 'lower', NULL, NULL, NULL, NULL, 'dining');
REPLACE INTO script_lines VALUES ('1060', '1061', NULL, '1', '16', '<em>At times like these, I really hate my job.</em>', 'lower', NULL, NULL, NULL, NULL, 'dining');
REPLACE INTO script_lines VALUES ('1061', '1062', NULL, '1', '14', 'Excuse me - I believe you were seated at the same table as this old lady?', 'lower', NULL, NULL, NULL, NULL, 'dining');
REPLACE INTO script_lines VALUES ('1062', '1063', NULL, '1', '19', 'Yes. I-', 'upper', NULL, NULL, NULL, NULL, 'dining');
REPLACE INTO script_lines VALUES ('1063', '1064', NULL, '1', '14', 'My name is Ace. I\'m a detective.', 'lower', NULL, NULL, NULL, NULL, 'dining');
REPLACE INTO script_lines VALUES ('1064', '1065', NULL, '1', '14', 'I\'d like to ask all of you a few questions, please.', 'lower', NULL, NULL, NULL, NULL, 'dining');
REPLACE INTO script_lines VALUES ('1065', '1066', NULL, '1', '16', '<em>It was standard practice. Take down eyewitness statements, ask a few questions, file a report.</em>', 'lower', NULL, NULL, NULL, NULL, 'dark');
REPLACE INTO script_lines VALUES ('1066', '1067', NULL, '1', '16', '<em>I felt bad that I couldn\'t help the madam. I was just doing my job.</em>', 'lower', NULL, NULL, NULL, NULL, 'dark');
REPLACE INTO script_lines VALUES ('1067', '1068', NULL, '1', '16', '<em>And then, I uncovered more than I wanted to&#8230;</em>', 'lower', NULL, NULL, NULL, NULL, 'dark');
REPLACE INTO script_lines VALUES ('1068', '1070', NULL, '1', '16', '<em>She was murdered.</em>', 'lower', NULL, NULL, NULL, NULL, 'dark');
REPLACE INTO script_lines VALUES ('1069', '1070', NULL, '1', '16', '<em>Chapter 1, Complete.</em>', 'lower', NULL, NULL, NULL, NULL, 'dark');
REPLACE INTO script_lines VALUES ('1070', '1071', NULL, '1', '14', 'I took out my notebook and tried to collect my thoughts.', 'lower', NULL, NULL, NULL, NULL, 'dark');
REPLACE INTO script_lines VALUES ('1071', '1072', NULL, '1', '14', 'I jotted down what the doctor told me.', 'lower', NULL, NULL, '10001', NULL, 'dark');
REPLACE INTO script_lines VALUES ('1072', '1073', NULL, '1', '14', 'He told me it was a good effort with the CPR. I just did what I could remember from my training.', 'lower', NULL, NULL, '10002', NULL, 'dark');
REPLACE INTO script_lines VALUES ('1073', '1074', NULL, '1', '14', 'After chatting with him I went to ask the crew about that AED.', 'lower', NULL, NULL, '10003', NULL, 'dark');
REPLACE INTO script_lines VALUES ('1074', '1075', NULL, '1', '14', 'Who would\'ve wanted to steal an AED? I already sent them to check; it might be too late to dust for prints now.', 'lower', NULL, NULL, NULL, NULL, 'dark');
REPLACE INTO script_lines VALUES ('1075', '1076', NULL, '1', '14', 'Something bugs me, though. She was frothing at the mouth. You don\'t usually see that in stroke patients.', 'lower', NULL, NULL, NULL, NULL, 'dark');
REPLACE INTO script_lines VALUES ('1076', '2001', NULL, '1', '14', 'What\'s done is done. I\'ll talk to the hysterical maid to calm her down.', 'lower', NULL, NULL, NULL, NULL, 'dark');
REPLACE INTO script_lines VALUES ('1077', '1078', NULL, '1', '14', 'Dammit! Back to the restaurant!', 'lower', NULL, NULL, NULL, NULL, 'deck');
REPLACE INTO script_lines VALUES ('1078', '1079', NULL, '1', '14', 'How is she?!', 'lower', NULL, NULL, NULL, NULL, 'dining');
REPLACE INTO script_lines VALUES ('1079', '1080', NULL, '1', '18', 'I don\'t know! I don\'t know...', 'upper', NULL, NULL, NULL, NULL, 'dining');
REPLACE INTO script_lines VALUES ('1080', NULL, '66005', '1', '14', 'Stand aside, I know CPR!', 'lower', NULL, NULL, NULL, NULL, 'dining');
REPLACE INTO script_lines VALUES ('1081', '1082', NULL, '1', '14', '(Breathe. Breathe. Breathe).', 'lower', NULL, NULL, NULL, NULL, 'dining');
REPLACE INTO script_lines VALUES ('1082', NULL, '66008', '1', '14', '(gasp) Eurgh, her breath smells like onion soup!', 'lower', NULL, NULL, NULL, NULL, 'dining');
REPLACE INTO script_lines VALUES ('1084', '1085', NULL, '1', '16', '<em>At this point, the doctor on board stepped in.</em>', 'lower', NULL, NULL, NULL, NULL, 'dining');
REPLACE INTO script_lines VALUES ('1085', '1086', NULL, '1', '16', '<em>It was too late to save her.</em>', 'upper', NULL, NULL, NULL, NULL, 'dining');
REPLACE INTO script_lines VALUES ('1086', '1087', NULL, '1', '16', '<em>I looked up at her fellow diners around me, staring with various expressions of shock and horror.</em>', 'lower', NULL, NULL, NULL, NULL, 'dining');
REPLACE INTO script_lines VALUES ('1087', '1088', NULL, '1', '16', '<em>At times like these, I really hate my job.</em>', 'lower', NULL, NULL, NULL, NULL, 'dining');
REPLACE INTO script_lines VALUES ('1088', '1089', NULL, '1', '14', 'Excuse me - I believe you were seated at the same table as this old lady?', 'lower', NULL, NULL, NULL, NULL, 'dining');
REPLACE INTO script_lines VALUES ('1089', '1090', NULL, '1', '19', 'Yes. I-', 'lower', NULL, NULL, NULL, NULL, 'dining');
REPLACE INTO script_lines VALUES ('1090', '1091', NULL, '1', '14', 'My name is Ace. I\'m a detective.', 'lower', NULL, NULL, NULL, NULL, 'dining');
REPLACE INTO script_lines VALUES ('1091', '1092', NULL, '1', '14', 'I\'d like to ask all of you a few questions, please.', 'lower', NULL, NULL, NULL, NULL, 'dining');
REPLACE INTO script_lines VALUES ('1092', '1093', NULL, '1', '16', '<em>It was standard practice. Take down eyewitness statements, ask a few questions, file a report.</em>', 'lower', NULL, NULL, NULL, NULL, 'dark');
REPLACE INTO script_lines VALUES ('1093', '1094', NULL, '1', '16', '<em>I felt bad that I couldn\'t help the madam. I was just doing my job.</em>', 'lower', NULL, NULL, NULL, NULL, 'dark');
REPLACE INTO script_lines VALUES ('1094', '1095', NULL, '1', '16', '<em>And then, I uncovered more than I wanted to&#8230;</em>', 'lower', NULL, NULL, NULL, NULL, 'dark');
REPLACE INTO script_lines VALUES ('1095', '1096', NULL, '1', '16', '<em>She was murdered.</em>', 'lower', NULL, NULL, NULL, NULL, 'dark');
REPLACE INTO script_lines VALUES ('1096', '1097', NULL, '1', '16', '<em>Chapter 1, Complete.</em>', 'lower', NULL, NULL, NULL, NULL, 'dark');
REPLACE INTO script_lines VALUES ('1097', '1098', NULL, '1', '14', 'I took out my notebook and tried to collect my thoughts.', 'lower', NULL, NULL, NULL, NULL, 'dark');
REPLACE INTO script_lines VALUES ('1098', '1099', NULL, '1', '14', 'I jotted down what the doctor told me.', 'lower', NULL, NULL, '10001', NULL, 'dark');
REPLACE INTO script_lines VALUES ('1099', '1100', NULL, '1', '14', 'He told me it was a good effort with the CPR. I just did what I could remember from my training.', 'lower', NULL, NULL, '10002', NULL, 'dark');
REPLACE INTO script_lines VALUES ('1100', '1101', NULL, '1', '14', 'After chatting with him I went to ask the crew about that AED.', 'lower', NULL, NULL, '10003', NULL, 'dark');
REPLACE INTO script_lines VALUES ('1101', '1102', NULL, '1', '14', 'Who would\'ve wanted to steal an AED? I already sent them to check; it might be too late to dust for prints now.', 'lower', NULL, NULL, NULL, NULL, 'dark');
REPLACE INTO script_lines VALUES ('1102', '1103', NULL, '1', '14', 'Something bugs me, though. She was frothing at the mouth. You don\'t usually see that in stroke patients.', 'lower', NULL, NULL, NULL, NULL, 'dark');
REPLACE INTO script_lines VALUES ('1103', '2001', NULL, '1', '14', 'What\'s done is done. I\'ll talk to the hysterical maid to calm her down.', 'lower', NULL, NULL, NULL, NULL, 'dark');

REPLACE INTO script_clues VALUES ('10001', 'The Restaurant at the End of Chapter 1', 'The old lady collapsed due to a stroke, not from choking on anything. \nShe was declared dead at 20:38 from cardiac arrest.\nCause of Death is not yet known; the doctor will need some time to figure it out.', '1');
REPLACE INTO script_clues VALUES ('10002', 'How to Save a Life', 'Don\'t trust me on this, \'cuz I barely remember my CPR training.\nBut f somebody looks like they\'re choking or out of breath, we first make sure the throat is not blocked.\nIf it\'s blocked, they\'re choking; we try to dislodge it with a Heimlich maneouvre. \nIf they look like they\'re gasping and can\'t draw breath, they\'re having a heart attack, we try to do CPR. Artificial respiration plus chest compression.\nThe American Heart Association recommends performing chest compressions to the beat of the Bee Gee\'s Stayin\' Alive.\n...ironic, right? The only reason I remember.\nAh, ah, ah, ah.', '1');
REPLACE INTO script_clues VALUES ('10003', 'Last AED', 'CPR can\'t actually save anybody; just keeps the patient going until the ambulance can arrive.\nWe\'re on a boat. The best we can do is the ship\'s doctor and his AED. The AED at least can restart a person\'s heart. At least, that\'s what the doc said.\nI don\'t actually know what it does, but a big red box with a cross on it is probably useful in emergency situations.\nBut today the AED went missing. The crew claim that it was there at 18:00 when daily checks were done.\nThe other AEDs on the other floors were okay; so only this one outside the resaturant went missing.\nSuspicious.', '1');
REPLACE INTO script_clues VALUES ('20001', 'The Notebook', 'This is a hardcover, pastel blue notebook.\nSmall, meticulously writing covers every page of this notebook.\nThe handwriting is feminine; well, we know it\'s Leila\'s.\nThe entries are all the same, noting down the meal and the dosage of medicines administered, as well as how many were left.\nIt seems she gave the old lady medicine five times a day. That\'s a lot.', '2');
REPLACE INTO script_clues VALUES ('20002', 'Latest Entry', '4 November, 2011\n12:25 - Lunchtime\n5mL pink liquid (small bottle, mostly full)\n2 tbsp thick red goop (big bottle, half-full)\n1 blue pill (3 left - almost out)\n2 small yellow tablets (8 left)\n1 red&white capsule (no more - ask Semyon)', '2');
REPLACE INTO script_clues VALUES ('20003', 'Need-to-Know Basis', 'I\'m a little suspicious of Leila. Don\'t nurses need at least to know the names of drugs?\nAlright, so they\'re not pharmacists or doctors. But they\'ve gotta be more professional than \"blue pill\" and \"red pill\".\nAnd it seems she didn\'t calculate the dosage she needed either.\nLousy nurse...', '2');
REPLACE INTO script_clues VALUES ('30001', 'Hello, Nurse!', 'Semyon doesn\'t really seem to like Leila.\nIf she\'s as careless as he thinks she is, I can probably guess why.\nIt sounds like he thinks Tulipov hired her; maybe there\'s some sort of sibling rivalry going on.\nNote to self: talk to Tulipov.', '3');
REPLACE INTO script_clues VALUES ('30002', 'Something wrong...', 'Spider senses tingling. \"It\'s too bad the AED went missing?\"\nIt seems a little convenient for me that she has a heart attack, and the box mysteriously vanished just when we needed it.\nAlso, this sounds like a setup - he seems to know what would happen in case of a medical injury onboard a boat.\nHrm.\nEither he\'s really meticulous, or...something\'s not right.', '3');
REPLACE INTO script_clues VALUES ('30003', 'First AED Box', 'Okay. So Semyon\'s had a bit of training. He did a rough description and demonstration when I asked.\nI think I get it.\nSo inside the box is a tiny machine that restarts your heart. It\'s that thing James Bond used in Casino Royale, when he was being poisoned.\nLooked quite easy to use. And apparently it shouts instructions at you too.\nI don\'t know if I can handle that kind of high-stress environment, with the box shouting at me.\nSince it shouts instructions, you don\'t really need training to use it. I did the right thing hoping to bring it to use.\nBut then why did Semyon - and only Semyon, not Leila or Tulipov - go for training? He seems to have paid a lot of attention to this small red box...\nI just hope this isn\'t a red herring...', '3');
REPLACE INTO script_clues VALUES ('30004', 'If the Glove doesn\'t fit...', 'Semyon lost his black leather gloves. Not at the restaurant.\nWait a second, this isn\'t really a clue!', '3');
REPLACE INTO script_clues VALUES ('40001', 'Hello, Nurse!!', 'Note to self: don\'t talk smack about Leila. Tulipov is protective, much.\nLooks like I was right, Semyon really doesn\'t take to Leila at all.\n\'s not exactly \"rivalry\" but clearly some sort of animosity going on between the brothers.\nGrief, this had better not be some love triangle melodrama; this is a detective story, not a soap opera!', '4');
REPLACE INTO script_clues VALUES ('40002', 'Regrets and might-have-beens', 'Tulipov looks like a cool cat. A smooth operator.\nBut he choked a little, visibly froze when I asked about the AED outside the restaurant.\nEither he was a little regretful about not taking that course of his, or&#8230;\nAugh, does everybody on this boat have a secret agenda!?', '4');
REPLACE INTO script_clues VALUES ('40003', 'Soup du jour', '\"Jour\" means day. So soup du jour means \"Soup du day\".\nThat French correspondence course is really paying off.\nAnyway, clam chowder didn\'t agree with Tulipov\'s - urgh - pipes.\nWasn\'t it something else? Onion soup, or something?\nI get the whole public restrooms thing. I\'m a little uncomfortable myself.\nBut to jog all the way back to your room is a little far, and a little far-fetched.\nAugh, that mental image of his pipes /shudder.', '4');
REPLACE INTO script_clues VALUES ('40004', '...you must acquit.', 'I\'ve been waiting for the other shoe to drop. Glove. Whatever.\nTulipov probably took Semyon\'s gloves.\nI didn\'t want to call him a thief to his face. I needed him friendly, on my side, y\'know?\nTheft is not my thing. I\'ll give Semyon a hint.\nWhy\'d he steal the gloves anyway? It\'s not that cold. Unless they were expensive or something.\nIt\'s not like he could\'ve worn the gloves around Semyon, anyway...\nGuess he thought he was putting one back over Semyon. Shoe on the other foot, or something. Glove.', '4');

REPLACE INTO script_stages VALUES ('1', 'Chapter 1:<br>For want of a nail&#8230;', '1001', '0');
REPLACE INTO script_stages VALUES ('2', 'Chapter 2:<br>Plot is thicker than water&#8230;and blood.', '2001', '0');
REPLACE INTO script_stages VALUES ('3', 'Chapter 3:<br>Knowledge is power is deadly&#8230;', '3001', '0');
REPLACE INTO script_stages VALUES ('4', 'Chapter 4:<br>Unveiling the plot', '4001', '0');
REPLACE INTO script_stages VALUES ('5', 'Chapter 5:<br>Interrogation! Last chance to get things right.', '5001', '0');
REPLACE INTO script_stages VALUES ('6', 'Select chapter', '6001', '0');
REPLACE INTO script_stages VALUES ('7', 'Epilogue: The Last AED Box', '7001', '0');
REPLACE INTO script_stages VALUES ('8', 'The AED Simulation Chapter Minigame!', '8001', '0');
REPLACE INTO script_stages VALUES ('9', 'About', '9001', '0');

SET FOREIGN_KEY_CHECKS=1;
